"STATION","DATE","LATITUDE","LONGITUDE","ELEVATION","NAME","REPORT_TYPE","SOURCE","HourlyAltimeterSetting","HourlyDewPointTemperature","HourlyDryBulbTemperature","HourlyPrecipitation","HourlyPresentWeatherType","HourlyPressureChange","HourlyPressureTendency","HourlyRelativeHumidity","HourlySkyConditions","HourlySeaLevelPressure","HourlyStationPressure","HourlyVisibility","HourlyWetBulbTemperature","HourlyWindDirection","HourlyWindGustSpeed","HourlyWindSpeed","Sunrise","Sunset","DailyAverageDewPointTemperature","DailyAverageDryBulbTemperature","DailyAverageRelativeHumidity","DailyAverageSeaLevelPressure","DailyAverageStationPressure","DailyAverageWetBulbTemperature","DailyAverageWindSpeed","DailyCoolingDegreeDays","DailyDepartureFromNormalAverageTemperature","DailyHeatingDegreeDays","DailyMaximumDryBulbTemperature","DailyMinimumDryBulbTemperature","DailyPeakWindDirection","DailyPeakWindSpeed","DailyPrecipitation","DailySnowDepth","DailySnowfall","DailySustainedWindDirection","DailySustainedWindSpeed","DailyWeather","MonthlyAverageRH","MonthlyDaysWithGT001Precip","MonthlyDaysWithGT010Precip","MonthlyDaysWithGT32Temp","MonthlyDaysWithGT90Temp","MonthlyDaysWithLT0Temp","MonthlyDaysWithLT32Temp","MonthlyDepartureFromNormalAverageTemperature","MonthlyDepartureFromNormalCoolingDegreeDays","MonthlyDepartureFromNormalHeatingDegreeDays","MonthlyDepartureFromNormalMaximumTemperature","MonthlyDepartureFromNormalMinimumTemperature","MonthlyDepartureFromNormalPrecipitation","MonthlyDewpointTemperature","MonthlyGreatestPrecip","MonthlyGreatestPrecipDate","MonthlyGreatestSnowDepth","MonthlyGreatestSnowDepthDate","MonthlyGreatestSnowfall","MonthlyGreatestSnowfallDate","MonthlyMaxSeaLevelPressureValue","MonthlyMaxSeaLevelPressureValueDate","MonthlyMaxSeaLevelPressureValueTime","MonthlyMaximumTemperature","MonthlyMeanTemperature","MonthlyMinSeaLevelPressureValue","MonthlyMinSeaLevelPressureValueDate","MonthlyMinSeaLevelPressureValueTime","MonthlyMinimumTemperature","MonthlySeaLevelPressure","MonthlyStationPressure","MonthlyTotalLiquidPrecipitation","MonthlyTotalSnowfall","MonthlyWetBulb","AWND","CDSD","CLDD","DSNW","HDSD","HTDD","DYTS","DYHF","NormalsCoolingDegreeDay","NormalsHeatingDegreeDay","ShortDurationEndDate005","ShortDurationEndDate010","ShortDurationEndDate015","ShortDurationEndDate020","ShortDurationEndDate030","ShortDurationEndDate045","ShortDurationEndDate060","ShortDurationEndDate080","ShortDurationEndDate100","ShortDurationEndDate120","ShortDurationEndDate150","ShortDurationEndDate180","ShortDurationPrecipitationValue005","ShortDurationPrecipitationValue010","ShortDurationPrecipitationValue015","ShortDurationPrecipitationValue020","ShortDurationPrecipitationValue030","ShortDurationPrecipitationValue045","ShortDurationPrecipitationValue060","ShortDurationPrecipitationValue080","ShortDurationPrecipitationValue100","ShortDurationPrecipitationValue120","ShortDurationPrecipitationValue150","ShortDurationPrecipitationValue180","REM","BackupDirection","BackupDistance","BackupDistanceUnit","BackupElements","BackupElevation","BackupEquipment","BackupLatitude","BackupLongitude","BackupName","WindEquipmentChangeDate"
"83097099999","1932-01-05T09:00:00","-10.2","-36.8666666","19.0","PROPRIA, BR","FM-12","4","","","86","","||FG","","","","","29.83","","","","360","","21","","","","","","","","","","","","","","","","","","","","","","","","","","","","","","","","","","","","","","","","","","","","","","","","","","","","","","","","","","","","","","","","","","","","","","","","","","","","","","","","","","","","","","","","","","","","","","","","","","","","",""
"83097099999","1932-01-06T09:00:00","-10.2","-36.8666666","19.0","PROPRIA, BR","FM-12","4","","","86","","||FG","","","","","29.80","","","","000","","0","","","","","","","","","","","","","","","","","","","","","","","","","","","","","","","","","","","","","","","","","","","","","","","","","","","","","","","","","","","","","","","","","","","","","","","","","","","","","","","","","","","","","","","","","","","","","","","","","","","","",""
"83097099999","1932-01-07T09:00:00","-10.2","-36.8666666","19.0","PROPRIA, BR","FM-12","4","","","84","","||FG","","","","","29.91","","","","360","","21","","","","","","","","","","","","","","","","","","","","","","","","","","","","","","","","","","","","","","","","","","","","","","","","","","","","","","","","","","","","","","","","","","","","","","","","","","","","","","","","","","","","","","","","","","","","","","","","","","","","",""
"83097099999","1932-01-11T09:00:00","-10.2","-36.8666666","19.0","PROPRIA, BR","FM-12","4","","","86","","||FG","","","","","30.00","","","","360","","21","","","","","","","","","","","","","","","","","","","","","","","","","","","","","","","","","","","","","","","","","","","","","","","","","","","","","","","","","","","","","","","","","","","","","","","","","","","","","","","","","","","","","","","","","","","","","","","","","","","","",""
"83097099999","1932-01-12T09:00:00","-10.2","-36.8666666","19.0","PROPRIA, BR","FM-12","4","","","82","","||FG","","","","","30.01","","","","090","","21","","","","","","","","","","","","","","","","","","","","","","","","","","","","","","","","","","","","","","","","","","","","","","","","","","","","","","","","","","","","","","","","","","","","","","","","","","","","","","","","","","","","","","","","","","","","","","","","","","","","",""
"83097099999","1932-01-13T09:00:00","-10.2","-36.8666666","19.0","PROPRIA, BR","FM-12","4","","","88","","||FG","","","","","29.96","","","","140","","21","","","","","","","","","","","","","","","","","","","","","","","","","","","","","","","","","","","","","","","","","","","","","","","","","","","","","","","","","","","","","","","","","","","","","","","","","","","","","","","","","","","","","","","","","","","","","","","","","","","","",""
"83097099999","1932-01-14T09:00:00","-10.2","-36.8666666","19.0","PROPRIA, BR","FM-12","4","","","86","","||FG","","","","","29.93","","","","140","","21","","","","","","","","","","","","","","","","","","","","","","","","","","","","","","","","","","","","","","","","","","","","","","","","","","","","","","","","","","","","","","","","","","","","","","","","","","","","","","","","","","","","","","","","","","","","","","","","","","","","",""
"83097099999","1932-01-17T09:00:00","-10.2","-36.8666666","19.0","PROPRIA, BR","FM-12","4","","","86","","||FG","","","","","29.96","","","","360","","21","","","","","","","","","","","","","","","","","","","","","","","","","","","","","","","","","","","","","","","","","","","","","","","","","","","","","","","","","","","","","","","","","","","","","","","","","","","","","","","","","","","","","","","","","","","","","","","","","","","","",""
"83097099999","1932-01-19T09:00:00","-10.2","-36.8666666","19.0","PROPRIA, BR","FM-12","4","","","81","","||FG","","","","","29.91","","","","140","","6","","","","","","","","","","","","","","","","","","","","","","","","","","","","","","","","","","","","","","","","","","","","","","","","","","","","","","","","","","","","","","","","","","","","","","","","","","","","","","","","","","","","","","","","","","","","","","","","","","","","",""
"83097099999","1932-01-20T09:00:00","-10.2","-36.8666666","19.0","PROPRIA, BR","FM-12","4","","","84","","||FG","","","","","29.95","","","","360","","21","","","","","","","","","","","","","","","","","","","","","","","","","","","","","","","","","","","","","","","","","","","","","","","","","","","","","","","","","","","","","","","","","","","","","","","","","","","","","","","","","","","","","","","","","","","","","","","","","","","","",""
"83097099999","1932-01-21T09:00:00","-10.2","-36.8666666","19.0","PROPRIA, BR","FM-12","4","","","86","","||FG","","","","","29.94","","","","140","","21","","","","","","","","","","","","","","","","","","","","","","","","","","","","","","","","","","","","","","","","","","","","","","","","","","","","","","","","","","","","","","","","","","","","","","","","","","","","","","","","","","","","","","","","","","","","","","","","","","","","",""
"83097099999","1932-01-24T09:00:00","-10.2","-36.8666666","19.0","PROPRIA, BR","FM-12","4","","","84","","||FG","","","","","29.91","","","","140","","21","","","","","","","","","","","","","","","","","","","","","","","","","","","","","","","","","","","","","","","","","","","","","","","","","","","","","","","","","","","","","","","","","","","","","","","","","","","","","","","","","","","","","","","","","","","","","","","","","","","","",""
"83097099999","1932-01-25T09:00:00","-10.2","-36.8666666","19.0","PROPRIA, BR","FM-12","4","","","75","","||DZ","","","","","29.97","","","","000","","0","","","","","","","","","","","","","","","","","","","","","","","","","","","","","","","","","","","","","","","","","","","","","","","","","","","","","","","","","","","","","","","","","","","","","","","","","","","","","","","","","","","","","","","","","","","","","","","","","","","","",""
"83097099999","1932-01-27T09:00:00","-10.2","-36.8666666","19.0","PROPRIA, BR","FM-12","4","","","81","","||FG","","","","","29.96","","","","360","","21","","","","","","","","","","","","","","","","","","","","","","","","","","","","","","","","","","","","","","","","","","","","","","","","","","","","","","","","","","","","","","","","","","","","","","","","","","","","","","","","","","","","","","","","","","","","","","","","","","","","",""
"83097099999","1932-01-31T09:00:00","-10.2","-36.8666666","19.0","PROPRIA, BR","FM-12","4","","","81","","||DZ","","","","","29.98","","","","140","","21","","","","","","","","","","","","","","","","","","","","","","","","","","","","","","","","","","","","","","","","","","","","","","","","","","","","","","","","","","","","","","","","","","","","","","","","","","","","","","","","","","","","","","","","","","","","","","","","","","","","",""
"83097099999","1932-02-05T09:00:00","-10.2","-36.8666666","19.0","PROPRIA, BR","FM-12","4","","","86","","","","","","","29.97","","","","360","","21","","","","","","","","","","","","","","","","","","","","","","","","","","","","","","","","","","","","","","","","","","","","","","","","","","","","","","","","","","","","","","","","","","","","","","","","","","","","","","","","","","","","","","","","","","","","","","","","","","","","",""
"83097099999","1932-02-11T09:00:00","-10.2","-36.8666666","19.0","PROPRIA, BR","FM-12","4","","","84","","||FG","","","","","29.92","","","","360","","6","","","","","","","","","","","","","","","","","","","","","","","","","","","","","","","","","","","","","","","","","","","","","","","","","","","","","","","","","","","","","","","","","","","","","","","","","","","","","","","","","","","","","","","","","","","","","","","","","","","","",""
"83097099999","1932-02-12T09:00:00","-10.2","-36.8666666","19.0","PROPRIA, BR","FM-12","4","","","82","","||FG","","","","","29.95","","","","000","","0","","","","","","","","","","","","","","","","","","","","","","","","","","","","","","","","","","","","","","","","","","","","","","","","","","","","","","","","","","","","","","","","","","","","","","","","","","","","","","","","","","","","","","","","","","","","","","","","","","","","",""
"83097099999","1932-02-14T09:00:00","-10.2","-36.8666666","19.0","PROPRIA, BR","FM-12","4","","","84","","||FG","","","","","29.95","","","","140","","21","","","","","","","","","","","","","","","","","","","","","","","","","","","","","","","","","","","","","","","","","","","","","","","","","","","","","","","","","","","","","","","","","","","","","","","","","","","","","","","","","","","","","","","","","","","","","","","","","","","","",""
"83097099999","1932-02-16T09:00:00","-10.2","-36.8666666","19.0","PROPRIA, BR","FM-12","4","","","84","","||FG","","","","","29.96","","","","360","","6","","","","","","","","","","","","","","","","","","","","","","","","","","","","","","","","","","","","","","","","","","","","","","","","","","","","","","","","","","","","","","","","","","","","","","","","","","","","","","","","","","","","","","","","","","","","","","","","","","","","",""
"83097099999","1932-02-18T09:00:00","-10.2","-36.8666666","19.0","PROPRIA, BR","FM-12","4","","","84","","||FG","","","","","29.94","","","","","","","","","","","","","","","","","","","","","","","","","","","","","","","","","","","","","","","","","","","","","","","","","","","","","","","","","","","","","","","","","","","","","","","","","","","","","","","","","","","","","","","","","","","","","","","","","","","","","","","","","","",""
"83097099999","1932-02-19T09:00:00","-10.2","-36.8666666","19.0","PROPRIA, BR","FM-12","4","","","86","","||FG","","","","","29.98","","","","140","","6","","","","","","","","","","","","","","","","","","","","","","","","","","","","","","","","","","","","","","","","","","","","","","","","","","","","","","","","","","","","","","","","","","","","","","","","","","","","","","","","","","","","","","","","","","","","","","","","","","","","",""
"83097099999","1932-02-20T09:00:00","-10.2","-36.8666666","19.0","PROPRIA, BR","FM-12","4","","","84","","||FG","","","","","29.96","","","","140","","6","","","","","","","","","","","","","","","","","","","","","","","","","","","","","","","","","","","","","","","","","","","","","","","","","","","","","","","","","","","","","","","","","","","","","","","","","","","","","","","","","","","","","","","","","","","","","","","","","","","","",""
"83097099999","1932-02-21T09:00:00","-10.2","-36.8666666","19.0","PROPRIA, BR","FM-12","4","","","84","","||FG","","","","","29.94","","","","000","","0","","","","","","","","","","","","","","","","","","","","","","","","","","","","","","","","","","","","","","","","","","","","","","","","","","","","","","","","","","","","","","","","","","","","","","","","","","","","","","","","","","","","","","","","","","","","","","","","","","","","",""
"83097099999","1932-02-22T09:00:00","-10.2","-36.8666666","19.0","PROPRIA, BR","FM-12","4","","","68","","||FG","","","","","29.94","","","","360","","21","","","","","","","","","","","","","","","","","","","","","","","","","","","","","","","","","","","","","","","","","","","","","","","","","","","","","","","","","","","","","","","","","","","","","","","","","","","","","","","","","","","","","","","","","","","","","","","","","","","","",""
"83097099999","1932-02-23T09:00:00","-10.2","-36.8666666","19.0","PROPRIA, BR","FM-12","4","","","84","","||FG","","","","","29.96","","","","140","","21","","","","","","","","","","","","","","","","","","","","","","","","","","","","","","","","","","","","","","","","","","","","","","","","","","","","","","","","","","","","","","","","","","","","","","","","","","","","","","","","","","","","","","","","","","","","","","","","","","","","",""
"83097099999","1932-02-24T09:00:00","-10.2","-36.8666666","19.0","PROPRIA, BR","FM-12","4","","","84","","||FG","","","","","29.98","","","","","","","","","","","","","","","","","","","","","","","","","","","","","","","","","","","","","","","","","","","","","","","","","","","","","","","","","","","","","","","","","","","","","","","","","","","","","","","","","","","","","","","","","","","","","","","","","","","","","","","","","","",""
"83097099999","1932-02-25T09:00:00","-10.2","-36.8666666","19.0","PROPRIA, BR","FM-12","4","","","84","","||FG","","","","","29.95","","","","000","","0","","","","","","","","","","","","","","","","","","","","","","","","","","","","","","","","","","","","","","","","","","","","","","","","","","","","","","","","","","","","","","","","","","","","","","","","","","","","","","","","","","","","","","","","","","","","","","","","","","","","",""
"83097099999","1932-02-26T09:00:00","-10.2","-36.8666666","19.0","PROPRIA, BR","FM-12","4","","","86","","||FG","","","","","29.94","","","","360","","6","","","","","","","","","","","","","","","","","","","","","","","","","","","","","","","","","","","","","","","","","","","","","","","","","","","","","","","","","","","","","","","","","","","","","","","","","","","","","","","","","","","","","","","","","","","","","","","","","","","","",""
"83097099999","1932-02-28T09:00:00","-10.2","-36.8666666","19.0","PROPRIA, BR","FM-12","4","","","81","","||FG","","","","","30.01","","","","000","","0","","","","","","","","","","","","","","","","","","","","","","","","","","","","","","","","","","","","","","","","","","","","","","","","","","","","","","","","","","","","","","","","","","","","","","","","","","","","","","","","","","","","","","","","","","","","","","","","","","","","",""
"83097099999","1932-02-29T09:00:00","-10.2","-36.8666666","19.0","PROPRIA, BR","FM-12","4","","","68","","||FG","","","","","29.98","","","","140","","21","","","","","","","","","","","","","","","","","","","","","","","","","","","","","","","","","","","","","","","","","","","","","","","","","","","","","","","","","","","","","","","","","","","","","","","","","","","","","","","","","","","","","","","","","","","","","","","","","","","","",""
"83097099999","1932-03-02T09:00:00","-10.2","-36.8666666","19.0","PROPRIA, BR","FM-12","4","","","86","","||FG","","","","","29.93","","","","000","","0","","","","","","","","","","","","","","","","","","","","","","","","","","","","","","","","","","","","","","","","","","","","","","","","","","","","","","","","","","","","","","","","","","","","","","","","","","","","","","","","","","","","","","","","","","","","","","","","","","","","",""
"83097099999","1932-03-07T09:00:00","-10.2","-36.8666666","19.0","PROPRIA, BR","FM-12","4","","","81","","||FG","","","","","29.98","","","","360","","6","","","","","","","","","","","","","","","","","","","","","","","","","","","","","","","","","","","","","","","","","","","","","","","","","","","","","","","","","","","","","","","","","","","","","","","","","","","","","","","","","","","","","","","","","","","","","","","","","","","","",""
"83097099999","1932-03-08T09:00:00","-10.2","-36.8666666","19.0","PROPRIA, BR","FM-12","4","","","86","","||FG","","","","","29.95","","","","360","","6","","","","","","","","","","","","","","","","","","","","","","","","","","","","","","","","","","","","","","","","","","","","","","","","","","","","","","","","","","","","","","","","","","","","","","","","","","","","","","","","","","","","","","","","","","","","","","","","","","","","",""
"83097099999","1932-03-09T09:00:00","-10.2","-36.8666666","19.0","PROPRIA, BR","FM-12","4","","","84","","||FG","","","","","29.93","","","","000","","0","","","","","","","","","","","","","","","","","","","","","","","","","","","","","","","","","","","","","","","","","","","","","","","","","","","","","","","","","","","","","","","","","","","","","","","","","","","","","","","","","","","","","","","","","","","","","","","","","","","","",""
"83097099999","1932-03-10T09:00:00","-10.2","-36.8666666","19.0","PROPRIA, BR","FM-12","4","","","84","","||FG","","","","","29.96","","","","360","","6","","","","","","","","","","","","","","","","","","","","","","","","","","","","","","","","","","","","","","","","","","","","","","","","","","","","","","","","","","","","","","","","","","","","","","","","","","","","","","","","","","","","","","","","","","","","","","","","","","","","",""
"83097099999","1932-03-11T09:00:00","-10.2","-36.8666666","19.0","PROPRIA, BR","FM-12","4","","","84","","||FG","","","","","29.96","","","","360","","6","","","","","","","","","","","","","","","","","","","","","","","","","","","","","","","","","","","","","","","","","","","","","","","","","","","","","","","","","","","","","","","","","","","","","","","","","","","","","","","","","","","","","","","","","","","","","","","","","","","","",""
"83097099999","1932-03-13T09:00:00","-10.2","-36.8666666","19.0","PROPRIA, BR","FM-12","4","","","86","","||FG","","","","","29.93","","","","360","","21","","","","","","","","","","","","","","","","","","","","","","","","","","","","","","","","","","","","","","","","","","","","","","","","","","","","","","","","","","","","","","","","","","","","","","","","","","","","","","","","","","","","","","","","","","","","","","","","","","","","",""
"83097099999","1932-03-15T09:00:00","-10.2","-36.8666666","19.0","PROPRIA, BR","FM-12","4","","","86","","||FG","","","","","29.96","","","","360","","6","","","","","","","","","","","","","","","","","","","","","","","","","","","","","","","","","","","","","","","","","","","","","","","","","","","","","","","","","","","","","","","","","","","","","","","","","","","","","","","","","","","","","","","","","","","","","","","","","","","","",""
"83097099999","1932-03-20T09:00:00","-10.2","-36.8666666","19.0","PROPRIA, BR","FM-12","4","","","84","","||FG","","","","","29.94","","","","140","","21","","","","","","","","","","","","","","","","","","","","","","","","","","","","","","","","","","","","","","","","","","","","","","","","","","","","","","","","","","","","","","","","","","","","","","","","","","","","","","","","","","","","","","","","","","","","","","","","","","","","",""
"83097099999","1932-03-21T09:00:00","-10.2","-36.8666666","19.0","PROPRIA, BR","FM-12","4","","","77","","||FG","","","","","29.96","","","","000","","0","","","","","","","","","","","","","","","","","","","","","","","","","","","","","","","","","","","","","","","","","","","","","","","","","","","","","","","","","","","","","","","","","","","","","","","","","","","","","","","","","","","","","","","","","","","","","","","","","","","","",""
"83097099999","1932-03-24T09:00:00","-10.2","-36.8666666","19.0","PROPRIA, BR","FM-12","4","","","84","","||FG","","","","","29.97","","","","000","","0","","","","","","","","","","","","","","","","","","","","","","","","","","","","","","","","","","","","","","","","","","","","","","","","","","","","","","","","","","","","","","","","","","","","","","","","","","","","","","","","","","","","","","","","","","","","","","","","","","","","",""
"83097099999","1932-03-25T09:00:00","-10.2","-36.8666666","19.0","PROPRIA, BR","FM-12","4","","","81","","||FG","","","","","29.98","","","","000","","0","","","","","","","","","","","","","","","","","","","","","","","","","","","","","","","","","","","","","","","","","","","","","","","","","","","","","","","","","","","","","","","","","","","","","","","","","","","","","","","","","","","","","","","","","","","","","","","","","","","","",""
"83097099999","1932-03-26T09:00:00","-10.2","-36.8666666","19.0","PROPRIA, BR","FM-12","4","","","86","","||FG","","","","","30.01","","","","360","","6","","","","","","","","","","","","","","","","","","","","","","","","","","","","","","","","","","","","","","","","","","","","","","","","","","","","","","","","","","","","","","","","","","","","","","","","","","","","","","","","","","","","","","","","","","","","","","","","","","","","",""
"83097099999","1932-03-27T09:00:00","-10.2","-36.8666666","19.0","PROPRIA, BR","FM-12","4","","","81","","||FG","","","","","30.00","","","","000","","0","","","","","","","","","","","","","","","","","","","","","","","","","","","","","","","","","","","","","","","","","","","","","","","","","","","","","","","","","","","","","","","","","","","","","","","","","","","","","","","","","","","","","","","","","","","","","","","","","","","","",""
"83097099999","1932-03-28T09:00:00","-10.2","-36.8666666","19.0","PROPRIA, BR","FM-12","4","","","86","","||FG","","","","","30.00","","","","000","","0","","","","","","","","","","","","","","","","","","","","","","","","","","","","","","","","","","","","","","","","","","","","","","","","","","","","","","","","","","","","","","","","","","","","","","","","","","","","","","","","","","","","","","","","","","","","","","","","","","","","",""
"83097099999","1932-03-29T09:00:00","-10.2","-36.8666666","19.0","PROPRIA, BR","FM-12","4","","","86","","||FG","","","","","29.98","","","","140","","6","","","","","","","","","","","","","","","","","","","","","","","","","","","","","","","","","","","","","","","","","","","","","","","","","","","","","","","","","","","","","","","","","","","","","","","","","","","","","","","","","","","","","","","","","","","","","","","","","","","","",""
"83097099999","1932-03-30T09:00:00","-10.2","-36.8666666","19.0","PROPRIA, BR","FM-12","4","","","86","","||FG","","","","","29.97","","","","360","","21","","","","","","","","","","","","","","","","","","","","","","","","","","","","","","","","","","","","","","","","","","","","","","","","","","","","","","","","","","","","","","","","","","","","","","","","","","","","","","","","","","","","","","","","","","","","","","","","","","","","",""
"83097099999","1932-03-31T09:00:00","-10.2","-36.8666666","19.0","PROPRIA, BR","FM-12","4","","","84","","||FG","","","","","29.93","","","","360","","21","","","","","","","","","","","","","","","","","","","","","","","","","","","","","","","","","","","","","","","","","","","","","","","","","","","","","","","","","","","","","","","","","","","","","","","","","","","","","","","","","","","","","","","","","","","","","","","","","","","","",""
"83097099999","1932-04-05T09:00:00","-10.2","-36.8666666","19.0","PROPRIA, BR","FM-12","4","","","84","","||FG","","","","","30.00","","","","140","","21","","","","","","","","","","","","","","","","","","","","","","","","","","","","","","","","","","","","","","","","","","","","","","","","","","","","","","","","","","","","","","","","","","","","","","","","","","","","","","","","","","","","","","","","","","","","","","","","","","","","",""
"83097099999","1932-04-07T09:00:00","-10.2","-36.8666666","19.0","PROPRIA, BR","FM-12","4","","","77","","||FG","","","","","29.99","","","","000","","0","","","","","","","","","","","","","","","","","","","","","","","","","","","","","","","","","","","","","","","","","","","","","","","","","","","","","","","","","","","","","","","","","","","","","","","","","","","","","","","","","","","","","","","","","","","","","","","","","","","","",""
"83097099999","1932-04-09T09:00:00","-10.2","-36.8666666","19.0","PROPRIA, BR","FM-12","4","","","84","","||FG","","","","","29.92","","","","140","","6","","","","","","","","","","","","","","","","","","","","","","","","","","","","","","","","","","","","","","","","","","","","","","","","","","","","","","","","","","","","","","","","","","","","","","","","","","","","","","","","","","","","","","","","","","","","","","","","","","","","",""
"83097099999","1932-04-10T09:00:00","-10.2","-36.8666666","19.0","PROPRIA, BR","FM-12","4","","","84","","||FG","","","","","29.91","","","","140","","6","","","","","","","","","","","","","","","","","","","","","","","","","","","","","","","","","","","","","","","","","","","","","","","","","","","","","","","","","","","","","","","","","","","","","","","","","","","","","","","","","","","","","","","","","","","","","","","","","","","","",""
"83097099999","1932-04-11T09:00:00","-10.2","-36.8666666","19.0","PROPRIA, BR","FM-12","4","","","84","","||FG","","","","","29.93","","","","090","","6","","","","","","","","","","","","","","","","","","","","","","","","","","","","","","","","","","","","","","","","","","","","","","","","","","","","","","","","","","","","","","","","","","","","","","","","","","","","","","","","","","","","","","","","","","","","","","","","","","","","",""
"83097099999","1932-04-12T09:00:00","-10.2","-36.8666666","19.0","PROPRIA, BR","FM-12","4","","","86","","||FG","","","","","29.93","","","","140","","6","","","","","","","","","","","","","","","","","","","","","","","","","","","","","","","","","","","","","","","","","","","","","","","","","","","","","","","","","","","","","","","","","","","","","","","","","","","","","","","","","","","","","","","","","","","","","","","","","","","","",""
"83097099999","1932-04-15T09:00:00","-10.2","-36.8666666","19.0","PROPRIA, BR","FM-12","4","","","86","","||FG","","","","","29.98","","","","000","","0","","","","","","","","","","","","","","","","","","","","","","","","","","","","","","","","","","","","","","","","","","","","","","","","","","","","","","","","","","","","","","","","","","","","","","","","","","","","","","","","","","","","","","","","","","","","","","","","","","","","",""
"83097099999","1932-04-16T09:00:00","-10.2","-36.8666666","19.0","PROPRIA, BR","FM-12","4","","","88","","||FG","","","","","29.96","","","","000","","0","","","","","","","","","","","","","","","","","","","","","","","","","","","","","","","","","","","","","","","","","","","","","","","","","","","","","","","","","","","","","","","","","","","","","","","","","","","","","","","","","","","","","","","","","","","","","","","","","","","","",""
"83097099999","1932-04-17T09:00:00","-10.2","-36.8666666","19.0","PROPRIA, BR","FM-12","4","","","82","","||FG","","","","","29.95","","","","000","","0","","","","","","","","","","","","","","","","","","","","","","","","","","","","","","","","","","","","","","","","","","","","","","","","","","","","","","","","","","","","","","","","","","","","","","","","","","","","","","","","","","","","","","","","","","","","","","","","","","","","",""
"83097099999","1932-04-18T09:00:00","-10.2","-36.8666666","19.0","PROPRIA, BR","FM-12","4","","","84","","||FG","","","","","29.98","","","","140","","21","","","","","","","","","","","","","","","","","","","","","","","","","","","","","","","","","","","","","","","","","","","","","","","","","","","","","","","","","","","","","","","","","","","","","","","","","","","","","","","","","","","","","","","","","","","","","","","","","","","","",""
"83097099999","1932-04-19T09:00:00","-10.2","-36.8666666","19.0","PROPRIA, BR","FM-12","4","","","86","","||FG","","","","","30.01","","","","140","","21","","","","","","","","","","","","","","","","","","","","","","","","","","","","","","","","","","","","","","","","","","","","","","","","","","","","","","","","","","","","","","","","","","","","","","","","","","","","","","","","","","","","","","","","","","","","","","","","","","","","",""
"83097099999","1932-04-22T09:00:00","-10.2","-36.8666666","19.0","PROPRIA, BR","FM-12","4","","","84","","||FG","","","","","29.96","","","","140","","21","","","","","","","","","","","","","","","","","","","","","","","","","","","","","","","","","","","","","","","","","","","","","","","","","","","","","","","","","","","","","","","","","","","","","","","","","","","","","","","","","","","","","","","","","","","","","","","","","","","","",""
"83097099999","1932-04-23T09:00:00","-10.2","-36.8666666","19.0","PROPRIA, BR","FM-12","4","","","86","","||FG","","","","","29.97","","","","000","","0","","","","","","","","","","","","","","","","","","","","","","","","","","","","","","","","","","","","","","","","","","","","","","","","","","","","","","","","","","","","","","","","","","","","","","","","","","","","","","","","","","","","","","","","","","","","","","","","","","","","",""
"83097099999","1932-04-25T09:00:00","-10.2","-36.8666666","19.0","PROPRIA, BR","FM-12","4","","","86","","||FG","","","","","29.97","","","","140","","6","","","","","","","","","","","","","","","","","","","","","","","","","","","","","","","","","","","","","","","","","","","","","","","","","","","","","","","","","","","","","","","","","","","","","","","","","","","","","","","","","","","","","","","","","","","","","","","","","","","","",""
"83097099999","1932-04-26T09:00:00","-10.2","-36.8666666","19.0","PROPRIA, BR","FM-12","4","","","82","","||FG","","","","","29.91","","","","140","","6","","","","","","","","","","","","","","","","","","","","","","","","","","","","","","","","","","","","","","","","","","","","","","","","","","","","","","","","","","","","","","","","","","","","","","","","","","","","","","","","","","","","","","","","","","","","","","","","","","","","",""
"83097099999","1932-04-27T09:00:00","-10.2","-36.8666666","19.0","PROPRIA, BR","FM-12","4","","","84","","||FG","","","","","29.87","","","","000","","0","","","","","","","","","","","","","","","","","","","","","","","","","","","","","","","","","","","","","","","","","","","","","","","","","","","","","","","","","","","","","","","","","","","","","","","","","","","","","","","","","","","","","","","","","","","","","","","","","","","","",""
"83097099999","1932-04-28T09:00:00","-10.2","-36.8666666","19.0","PROPRIA, BR","FM-12","4","","","86","","||FG","","","","","29.93","","","","000","","0","","","","","","","","","","","","","","","","","","","","","","","","","","","","","","","","","","","","","","","","","","","","","","","","","","","","","","","","","","","","","","","","","","","","","","","","","","","","","","","","","","","","","","","","","","","","","","","","","","","","",""
"83097099999","1932-04-29T09:00:00","-10.2","-36.8666666","19.0","PROPRIA, BR","FM-12","4","","","77","","||DZ","","","","","29.88","","","","000","","0","","","","","","","","","","","","","","","","","","","","","","","","","","","","","","","","","","","","","","","","","","","","","","","","","","","","","","","","","","","","","","","","","","","","","","","","","","","","","","","","","","","","","","","","","","","","","","","","","","","","",""
"83097099999","1932-05-02T09:00:00","-10.2","-36.8666666","19.0","PROPRIA, BR","FM-12","4","","","84","","||FG","","","","","29.98","","","","140","","21","","","","","","","","","","","","","","","","","","","","","","","","","","","","","","","","","","","","","","","","","","","","","","","","","","","","","","","","","","","","","","","","","","","","","","","","","","","","","","","","","","","","","","","","","","","","","","","","","","","","",""
"83097099999","1932-05-03T09:00:00","-10.2","-36.8666666","19.0","PROPRIA, BR","FM-12","4","","","81","","||FG","","","","","30.03","","","","140","","6","","","","","","","","","","","","","","","","","","","","","","","","","","","","","","","","","","","","","","","","","","","","","","","","","","","","","","","","","","","","","","","","","","","","","","","","","","","","","","","","","","","","","","","","","","","","","","","","","","","","",""
"83097099999","1932-05-05T09:00:00","-10.2","-36.8666666","19.0","PROPRIA, BR","FM-12","4","","","82","","||FG","","","","","29.94","","","","140","","6","","","","","","","","","","","","","","","","","","","","","","","","","","","","","","","","","","","","","","","","","","","","","","","","","","","","","","","","","","","","","","","","","","","","","","","","","","","","","","","","","","","","","","","","","","","","","","","","","","","","",""
"83097099999","1932-05-06T09:00:00","-10.2","-36.8666666","19.0","PROPRIA, BR","FM-12","4","","","84","","||FG","","","","","29.97","","","","000","","0","","","","","","","","","","","","","","","","","","","","","","","","","","","","","","","","","","","","","","","","","","","","","","","","","","","","","","","","","","","","","","","","","","","","","","","","","","","","","","","","","","","","","","","","","","","","","","","","","","","","",""
"83097099999","1932-05-10T09:00:00","-10.2","-36.8666666","19.0","PROPRIA, BR","FM-12","4","","","84","","||FG","","","","","29.97","","","","140","","6","","","","","","","","","","","","","","","","","","","","","","","","","","","","","","","","","","","","","","","","","","","","","","","","","","","","","","","","","","","","","","","","","","","","","","","","","","","","","","","","","","","","","","","","","","","","","","","","","","","","",""
"83097099999","1932-05-11T09:00:00","-10.2","-36.8666666","19.0","PROPRIA, BR","FM-12","4","","","82","","||FG","","","","","29.94","","","","140","","6","","","","","","","","","","","","","","","","","","","","","","","","","","","","","","","","","","","","","","","","","","","","","","","","","","","","","","","","","","","","","","","","","","","","","","","","","","","","","","","","","","","","","","","","","","","","","","","","","","","","",""
"83097099999","1932-05-12T09:00:00","-10.2","-36.8666666","19.0","PROPRIA, BR","FM-12","4","","","84","","||FG","","","","","29.98","","","","140","","21","","","","","","","","","","","","","","","","","","","","","","","","","","","","","","","","","","","","","","","","","","","","","","","","","","","","","","","","","","","","","","","","","","","","","","","","","","","","","","","","","","","","","","","","","","","","","","","","","","","","",""
"83097099999","1932-05-13T09:00:00","-10.2","-36.8666666","19.0","PROPRIA, BR","FM-12","4","","","84","","||FG","","","","","29.99","","","","140","","6","","","","","","","","","","","","","","","","","","","","","","","","","","","","","","","","","","","","","","","","","","","","","","","","","","","","","","","","","","","","","","","","","","","","","","","","","","","","","","","","","","","","","","","","","","","","","","","","","","","","",""
"83097099999","1932-05-16T09:00:00","-10.2","-36.8666666","19.0","PROPRIA, BR","FM-12","4","","","84","","||FG","","","","","29.97","","","","140","","21","","","","","","","","","","","","","","","","","","","","","","","","","","","","","","","","","","","","","","","","","","","","","","","","","","","","","","","","","","","","","","","","","","","","","","","","","","","","","","","","","","","","","","","","","","","","","","","","","","","","",""
"83097099999","1932-05-17T09:00:00","-10.2","-36.8666666","19.0","PROPRIA, BR","FM-12","4","","","84","","||FG","","","","","30.04","","","","000","","0","","","","","","","","","","","","","","","","","","","","","","","","","","","","","","","","","","","","","","","","","","","","","","","","","","","","","","","","","","","","","","","","","","","","","","","","","","","","","","","","","","","","","","","","","","","","","","","","","","","","",""
"83097099999","1932-05-18T09:00:00","-10.2","-36.8666666","19.0","PROPRIA, BR","FM-12","4","","","84","","||FG","","","","","","","","","000","","0","","","","","","","","","","","","","","","","","","","","","","","","","","","","","","","","","","","","","","","","","","","","","","","","","","","","","","","","","","","","","","","","","","","","","","","","","","","","","","","","","","","","","","","","","","","","","","","","","","","","",""
"83097099999","1932-05-19T09:00:00","-10.2","-36.8666666","19.0","PROPRIA, BR","FM-12","4","","","82","","||FG","","","","","29.89","","","","000","","0","","","","","","","","","","","","","","","","","","","","","","","","","","","","","","","","","","","","","","","","","","","","","","","","","","","","","","","","","","","","","","","","","","","","","","","","","","","","","","","","","","","","","","","","","","","","","","","","","","","","",""
"83097099999","1932-05-20T09:00:00","-10.2","-36.8666666","19.0","PROPRIA, BR","FM-12","4","","","81","","||FG","","","","","30.05","","","","360","","6","","","","","","","","","","","","","","","","","","","","","","","","","","","","","","","","","","","","","","","","","","","","","","","","","","","","","","","","","","","","","","","","","","","","","","","","","","","","","","","","","","","","","","","","","","","","","","","","","","","","",""
"83097099999","1932-05-22T09:00:00","-10.2","-36.8666666","19.0","PROPRIA, BR","FM-12","4","","","82","","||FG","","","","","30.03","","","","000","","0","","","","","","","","","","","","","","","","","","","","","","","","","","","","","","","","","","","","","","","","","","","","","","","","","","","","","","","","","","","","","","","","","","","","","","","","","","","","","","","","","","","","","","","","","","","","","","","","","","","","",""
"83097099999","1932-05-23T09:00:00","-10.2","-36.8666666","19.0","PROPRIA, BR","FM-12","4","","","84","","||FG","","","","","30.04","","","","360","","6","","","","","","","","","","","","","","","","","","","","","","","","","","","","","","","","","","","","","","","","","","","","","","","","","","","","","","","","","","","","","","","","","","","","","","","","","","","","","","","","","","","","","","","","","","","","","","","","","","","","",""
"83097099999","1932-05-24T09:00:00","-10.2","-36.8666666","19.0","PROPRIA, BR","FM-12","4","","","84","","||FG","","","","","29.99","","","","140","","21","","","","","","","","","","","","","","","","","","","","","","","","","","","","","","","","","","","","","","","","","","","","","","","","","","","","","","","","","","","","","","","","","","","","","","","","","","","","","","","","","","","","","","","","","","","","","","","","","","","","",""
"83097099999","1932-05-25T09:00:00","-10.2","-36.8666666","19.0","PROPRIA, BR","FM-12","4","","","79","","||FG","","","","","30.06","","","","000","","0","","","","","","","","","","","","","","","","","","","","","","","","","","","","","","","","","","","","","","","","","","","","","","","","","","","","","","","","","","","","","","","","","","","","","","","","","","","","","","","","","","","","","","","","","","","","","","","","","","","","",""
"83097099999","1932-05-26T09:00:00","-10.2","-36.8666666","19.0","PROPRIA, BR","FM-12","4","","","82","","||FG","","","","","30.02","","","","000","","0","","","","","","","","","","","","","","","","","","","","","","","","","","","","","","","","","","","","","","","","","","","","","","","","","","","","","","","","","","","","","","","","","","","","","","","","","","","","","","","","","","","","","","","","","","","","","","","","","","","","",""
"83097099999","1932-05-27T09:00:00","-10.2","-36.8666666","19.0","PROPRIA, BR","FM-12","4","","","79","","||FG","","","","","30.08","","","","140","","6","","","","","","","","","","","","","","","","","","","","","","","","","","","","","","","","","","","","","","","","","","","","","","","","","","","","","","","","","","","","","","","","","","","","","","","","","","","","","","","","","","","","","","","","","","","","","","","","","","","","",""
"83097099999","1932-05-28T09:00:00","-10.2","-36.8666666","19.0","PROPRIA, BR","FM-12","4","","","84","","||FG","","","","","29.97","","","","140","","21","","","","","","","","","","","","","","","","","","","","","","","","","","","","","","","","","","","","","","","","","","","","","","","","","","","","","","","","","","","","","","","","","","","","","","","","","","","","","","","","","","","","","","","","","","","","","","","","","","","","",""
"83097099999","1932-05-30T09:00:00","-10.2","-36.8666666","19.0","PROPRIA, BR","FM-12","4","","","82","","||FG","","","","","30.07","","","","140","","6","","","","","","","","","","","","","","","","","","","","","","","","","","","","","","","","","","","","","","","","","","","","","","","","","","","","","","","","","","","","","","","","","","","","","","","","","","","","","","","","","","","","","","","","","","","","","","","","","","","","",""
"83097099999","1932-05-31T09:00:00","-10.2","-36.8666666","19.0","PROPRIA, BR","FM-12","4","","","79","","||FG","","","","","30.08","","","","360","","6","","","","","","","","","","","","","","","","","","","","","","","","","","","","","","","","","","","","","","","","","","","","","","","","","","","","","","","","","","","","","","","","","","","","","","","","","","","","","","","","","","","","","","","","","","","","","","","","","","","","",""
"83097099999","1932-06-01T09:00:00","-10.2","-36.8666666","19.0","PROPRIA, BR","FM-12","4","","","75","","||FG","","","","","30.09","","","","000","","0","","","","","","","","","","","","","","","","","","","","","","","","","","","","","","","","","","","","","","","","","","","","","","","","","","","","","","","","","","","","","","","","","","","","","","","","","","","","","","","","","","","","","","","","","","","","","","","","","","","","",""
"83097099999","1932-06-02T09:00:00","-10.2","-36.8666666","19.0","PROPRIA, BR","FM-12","4","","","79","","||FG","","","","","30.06","","","","000","","0","","","","","","","","","","","","","","","","","","","","","","","","","","","","","","","","","","","","","","","","","","","","","","","","","","","","","","","","","","","","","","","","","","","","","","","","","","","","","","","","","","","","","","","","","","","","","","","","","","","","",""
"83097099999","1932-06-03T09:00:00","-10.2","-36.8666666","19.0","PROPRIA, BR","FM-12","4","","","81","","||FG","","","","","30.03","","","","000","","0","","","","","","","","","","","","","","","","","","","","","","","","","","","","","","","","","","","","","","","","","","","","","","","","","","","","","","","","","","","","","","","","","","","","","","","","","","","","","","","","","","","","","","","","","","","","","","","","","","","","",""
"83097099999","1932-06-04T09:00:00","-10.2","-36.8666666","19.0","PROPRIA, BR","FM-12","4","","","82","","||FG","","","","","30.03","","","","360","","6","","","","","","","","","","","","","","","","","","","","","","","","","","","","","","","","","","","","","","","","","","","","","","","","","","","","","","","","","","","","","","","","","","","","","","","","","","","","","","","","","","","","","","","","","","","","","","","","","","","","",""
"83097099999","1932-06-05T09:00:00","-10.2","-36.8666666","19.0","PROPRIA, BR","FM-12","4","","","77","","||FG","","","","","30.04","","","","000","","0","","","","","","","","","","","","","","","","","","","","","","","","","","","","","","","","","","","","","","","","","","","","","","","","","","","","","","","","","","","","","","","","","","","","","","","","","","","","","","","","","","","","","","","","","","","","","","","","","","","","",""
"83097099999","1932-06-06T09:00:00","-10.2","-36.8666666","19.0","PROPRIA, BR","FM-12","4","","","75","","","","","","","30.02","","","","090","","6","","","","","","","","","","","","","","","","","","","","","","","","","","","","","","","","","","","","","","","","","","","","","","","","","","","","","","","","","","","","","","","","","","","","","","","","","","","","","","","","","","","","","","","","","","","","","","","","","","","","",""
"83097099999","1932-06-08T09:00:00","-10.2","-36.8666666","19.0","PROPRIA, BR","FM-12","4","","","79","","||FG","","","","","30.00","","","","360","","6","","","","","","","","","","","","","","","","","","","","","","","","","","","","","","","","","","","","","","","","","","","","","","","","","","","","","","","","","","","","","","","","","","","","","","","","","","","","","","","","","","","","","","","","","","","","","","","","","","","","",""
"83097099999","1932-06-10T09:00:00","-10.2","-36.8666666","19.0","PROPRIA, BR","FM-12","4","","","77","","||FG","","","","","30.06","","","","360","","6","","","","","","","","","","","","","","","","","","","","","","","","","","","","","","","","","","","","","","","","","","","","","","","","","","","","","","","","","","","","","","","","","","","","","","","","","","","","","","","","","","","","","","","","","","","","","","","","","","","","",""
"83097099999","1932-06-14T09:00:00","-10.2","-36.8666666","19.0","PROPRIA, BR","FM-12","4","","","79","","||FG","","","","","30.09","","","","000","","0","","","","","","","","","","","","","","","","","","","","","","","","","","","","","","","","","","","","","","","","","","","","","","","","","","","","","","","","","","","","","","","","","","","","","","","","","","","","","","","","","","","","","","","","","","","","","","","","","","","","",""
"83097099999","1932-06-15T09:00:00","-10.2","-36.8666666","19.0","PROPRIA, BR","FM-12","4","","","77","","","","","","","30.09","","","","000","","0","","","","","","","","","","","","","","","","","","","","","","","","","","","","","","","","","","","","","","","","","","","","","","","","","","","","","","","","","","","","","","","","","","","","","","","","","","","","","","","","","","","","","","","","","","","","","","","","","","","","",""
"83097099999","1932-06-16T09:00:00","-10.2","-36.8666666","19.0","PROPRIA, BR","FM-12","4","","","73","","||FG","","","","","30.08","","","","360","","6","","","","","","","","","","","","","","","","","","","","","","","","","","","","","","","","","","","","","","","","","","","","","","","","","","","","","","","","","","","","","","","","","","","","","","","","","","","","","","","","","","","","","","","","","","","","","","","","","","","","",""
"83097099999","1932-06-17T09:00:00","-10.2","-36.8666666","19.0","PROPRIA, BR","FM-12","4","","","73","","||FG","","","","","30.07","","","","000","","0","","","","","","","","","","","","","","","","","","","","","","","","","","","","","","","","","","","","","","","","","","","","","","","","","","","","","","","","","","","","","","","","","","","","","","","","","","","","","","","","","","","","","","","","","","","","","","","","","","","","",""
"83097099999","1932-06-18T09:00:00","-10.2","-36.8666666","19.0","PROPRIA, BR","FM-12","4","","","77","","||FG","","","","","30.05","","","","000","","0","","","","","","","","","","","","","","","","","","","","","","","","","","","","","","","","","","","","","","","","","","","","","","","","","","","","","","","","","","","","","","","","","","","","","","","","","","","","","","","","","","","","","","","","","","","","","","","","","","","","",""
"83097099999","1932-06-19T09:00:00","-10.2","-36.8666666","19.0","PROPRIA, BR","FM-12","4","","","75","","||FG","","","","","30.09","","","","360","","21","","","","","","","","","","","","","","","","","","","","","","","","","","","","","","","","","","","","","","","","","","","","","","","","","","","","","","","","","","","","","","","","","","","","","","","","","","","","","","","","","","","","","","","","","","","","","","","","","","","","",""
"83097099999","1932-06-21T09:00:00","-10.2","-36.8666666","19.0","PROPRIA, BR","FM-12","4","","","77","","||FG","","","","","30.00","","","","000","","0","","","","","","","","","","","","","","","","","","","","","","","","","","","","","","","","","","","","","","","","","","","","","","","","","","","","","","","","","","","","","","","","","","","","","","","","","","","","","","","","","","","","","","","","","","","","","","","","","","","","",""
"83097099999","1932-06-22T09:00:00","-10.2","-36.8666666","19.0","PROPRIA, BR","FM-12","4","","","77","","||FG","","","","","30.02","","","","000","","0","","","","","","","","","","","","","","","","","","","","","","","","","","","","","","","","","","","","","","","","","","","","","","","","","","","","","","","","","","","","","","","","","","","","","","","","","","","","","","","","","","","","","","","","","","","","","","","","","","","","",""
"83097099999","1932-06-23T09:00:00","-10.2","-36.8666666","19.0","PROPRIA, BR","FM-12","4","","","77","","||FG","","","","","29.99","","","","000","","0","","","","","","","","","","","","","","","","","","","","","","","","","","","","","","","","","","","","","","","","","","","","","","","","","","","","","","","","","","","","","","","","","","","","","","","","","","","","","","","","","","","","","","","","","","","","","","","","","","","","",""
"83097099999","1932-06-25T09:00:00","-10.2","-36.8666666","19.0","PROPRIA, BR","FM-12","4","","","79","","||FG","","","","","29.99","","","","000","","0","","","","","","","","","","","","","","","","","","","","","","","","","","","","","","","","","","","","","","","","","","","","","","","","","","","","","","","","","","","","","","","","","","","","","","","","","","","","","","","","","","","","","","","","","","","","","","","","","","","","",""
"83097099999","1932-06-28T09:00:00","-10.2","-36.8666666","19.0","PROPRIA, BR","FM-12","4","","","77","","||FG","","","","","29.99","","","","000","","0","","","","","","","","","","","","","","","","","","","","","","","","","","","","","","","","","","","","","","","","","","","","","","","","","","","","","","","","","","","","","","","","","","","","","","","","","","","","","","","","","","","","","","","","","","","","","","","","","","","","",""
"83097099999","1932-06-30T09:00:00","-10.2","-36.8666666","19.0","PROPRIA, BR","FM-12","4","","","79","","||FG","","","","","","","","","000","","0","","","","","","","","","","","","","","","","","","","","","","","","","","","","","","","","","","","","","","","","","","","","","","","","","","","","","","","","","","","","","","","","","","","","","","","","","","","","","","","","","","","","","","","","","","","","","","","","","","","","",""
"83097099999","1932-07-02T09:00:00","-10.2","-36.8666666","19.0","PROPRIA, BR","FM-12","4","","","75","","||FG","","","","","30.05","","","","360","","6","","","","","","","","","","","","","","","","","","","","","","","","","","","","","","","","","","","","","","","","","","","","","","","","","","","","","","","","","","","","","","","","","","","","","","","","","","","","","","","","","","","","","","","","","","","","","","","","","","","","",""
"83097099999","1932-07-04T09:00:00","-10.2","-36.8666666","19.0","PROPRIA, BR","FM-12","4","","","73","","||DZ","","","","","30.07","","","","360","","6","","","","","","","","","","","","","","","","","","","","","","","","","","","","","","","","","","","","","","","","","","","","","","","","","","","","","","","","","","","","","","","","","","","","","","","","","","","","","","","","","","","","","","","","","","","","","","","","","","","","",""
"83097099999","1932-07-05T09:00:00","-10.2","-36.8666666","19.0","PROPRIA, BR","FM-12","4","","","77","","||FG","","","","","30.07","","","","000","","0","","","","","","","","","","","","","","","","","","","","","","","","","","","","","","","","","","","","","","","","","","","","","","","","","","","","","","","","","","","","","","","","","","","","","","","","","","","","","","","","","","","","","","","","","","","","","","","","","","","","",""
"83097099999","1932-07-09T09:00:00","-10.2","-36.8666666","19.0","PROPRIA, BR","FM-12","4","","","77","","||FG","","","","","30.09","","","","140","","6","","","","","","","","","","","","","","","","","","","","","","","","","","","","","","","","","","","","","","","","","","","","","","","","","","","","","","","","","","","","","","","","","","","","","","","","","","","","","","","","","","","","","","","","","","","","","","","","","","","","",""
"83097099999","1932-07-16T09:00:00","-10.2","-36.8666666","19.0","PROPRIA, BR","FM-12","4","","","77","","||DZ","","","","","30.10","","","","000","","0","","","","","","","","","","","","","","","","","","","","","","","","","","","","","","","","","","","","","","","","","","","","","","","","","","","","","","","","","","","","","","","","","","","","","","","","","","","","","","","","","","","","","","","","","","","","","","","","","","","","",""
"83097099999","1932-07-17T09:00:00","-10.2","-36.8666666","19.0","PROPRIA, BR","FM-12","4","","","75","","||FG","","","","","30.09","","","","000","","0","","","","","","","","","","","","","","","","","","","","","","","","","","","","","","","","","","","","","","","","","","","","","","","","","","","","","","","","","","","","","","","","","","","","","","","","","","","","","","","","","","","","","","","","","","","","","","","","","","","","",""
"83097099999","1932-07-19T09:00:00","-10.2","-36.8666666","19.0","PROPRIA, BR","FM-12","4","","","75","","||FG","","","","","30.13","","","","000","","0","","","","","","","","","","","","","","","","","","","","","","","","","","","","","","","","","","","","","","","","","","","","","","","","","","","","","","","","","","","","","","","","","","","","","","","","","","","","","","","","","","","","","","","","","","","","","","","","","","","","",""
"83097099999","1932-07-20T09:00:00","-10.2","-36.8666666","19.0","PROPRIA, BR","FM-12","4","","","75","","||FG","","","","","30.11","","","","000","","0","","","","","","","","","","","","","","","","","","","","","","","","","","","","","","","","","","","","","","","","","","","","","","","","","","","","","","","","","","","","","","","","","","","","","","","","","","","","","","","","","","","","","","","","","","","","","","","","","","","","",""
"83097099999","1932-07-21T09:00:00","-10.2","-36.8666666","19.0","PROPRIA, BR","FM-12","4","","","72","","||DZ","","","","","30.12","","","","140","","21","","","","","","","","","","","","","","","","","","","","","","","","","","","","","","","","","","","","","","","","","","","","","","","","","","","","","","","","","","","","","","","","","","","","","","","","","","","","","","","","","","","","","","","","","","","","","","","","","","","","",""
"83097099999","1932-07-22T09:00:00","-10.2","-36.8666666","19.0","PROPRIA, BR","FM-12","4","","","79","","||FG","","","","","30.13","","","","140","","6","","","","","","","","","","","","","","","","","","","","","","","","","","","","","","","","","","","","","","","","","","","","","","","","","","","","","","","","","","","","","","","","","","","","","","","","","","","","","","","","","","","","","","","","","","","","","","","","","","","","",""
"83097099999","1932-07-25T09:00:00","-10.2","-36.8666666","19.0","PROPRIA, BR","FM-12","4","","","75","","||FG","","","","","30.11","","","","000","","0","","","","","","","","","","","","","","","","","","","","","","","","","","","","","","","","","","","","","","","","","","","","","","","","","","","","","","","","","","","","","","","","","","","","","","","","","","","","","","","","","","","","","","","","","","","","","","","","","","","","",""
"83097099999","1932-07-26T09:00:00","-10.2","-36.8666666","19.0","PROPRIA, BR","FM-12","4","","","79","","||FG","","","","","30.10","","","","140","","6","","","","","","","","","","","","","","","","","","","","","","","","","","","","","","","","","","","","","","","","","","","","","","","","","","","","","","","","","","","","","","","","","","","","","","","","","","","","","","","","","","","","","","","","","","","","","","","","","","","","",""
"83097099999","1932-07-27T09:00:00","-10.2","-36.8666666","19.0","PROPRIA, BR","FM-12","4","","","75","","||FG","","","","","30.10","","","","000","","0","","","","","","","","","","","","","","","","","","","","","","","","","","","","","","","","","","","","","","","","","","","","","","","","","","","","","","","","","","","","","","","","","","","","","","","","","","","","","","","","","","","","","","","","","","","","","","","","","","","","",""
"83097099999","1932-07-28T09:00:00","-10.2","-36.8666666","19.0","PROPRIA, BR","FM-12","4","","","77","","||FG","","","","","30.09","","","","000","","0","","","","","","","","","","","","","","","","","","","","","","","","","","","","","","","","","","","","","","","","","","","","","","","","","","","","","","","","","","","","","","","","","","","","","","","","","","","","","","","","","","","","","","","","","","","","","","","","","","","","",""
"83097099999","1932-07-29T09:00:00","-10.2","-36.8666666","19.0","PROPRIA, BR","FM-12","4","","","73","","||FG","","","","","30.08","","","","000","","0","","","","","","","","","","","","","","","","","","","","","","","","","","","","","","","","","","","","","","","","","","","","","","","","","","","","","","","","","","","","","","","","","","","","","","","","","","","","","","","","","","","","","","","","","","","","","","","","","","","","",""
"83097099999","1932-07-30T09:00:00","-10.2","-36.8666666","19.0","PROPRIA, BR","FM-12","4","","","77","","||FG","","","","","30.06","","","","000","","0","","","","","","","","","","","","","","","","","","","","","","","","","","","","","","","","","","","","","","","","","","","","","","","","","","","","","","","","","","","","","","","","","","","","","","","","","","","","","","","","","","","","","","","","","","","","","","","","","","","","",""
"83097099999","1932-08-01T09:00:00","-10.2","-36.8666666","19.0","PROPRIA, BR","FM-12","4","","","72","","||DZ","","","","","30.07","","","","000","","0","","","","","","","","","","","","","","","","","","","","","","","","","","","","","","","","","","","","","","","","","","","","","","","","","","","","","","","","","","","","","","","","","","","","","","","","","","","","","","","","","","","","","","","","","","","","","","","","","","","","",""
"83097099999","1932-08-03T09:00:00","-10.2","-36.8666666","19.0","PROPRIA, BR","FM-12","4","","","70","","||FG","","","","","30.05","","","","090","","6","","","","","","","","","","","","","","","","","","","","","","","","","","","","","","","","","","","","","","","","","","","","","","","","","","","","","","","","","","","","","","","","","","","","","","","","","","","","","","","","","","","","","","","","","","","","","","","","","","","","",""
"83097099999","1932-08-06T09:00:00","-10.2","-36.8666666","19.0","PROPRIA, BR","FM-12","4","","","75","","||FG","","","","","30.07","","","","000","","0","","","","","","","","","","","","","","","","","","","","","","","","","","","","","","","","","","","","","","","","","","","","","","","","","","","","","","","","","","","","","","","","","","","","","","","","","","","","","","","","","","","","","","","","","","","","","","","","","","","","",""
"83097099999","1932-08-07T09:00:00","-10.2","-36.8666666","19.0","PROPRIA, BR","FM-12","4","","","66","","||FG","","","","","30.10","","","","000","","0","","","","","","","","","","","","","","","","","","","","","","","","","","","","","","","","","","","","","","","","","","","","","","","","","","","","","","","","","","","","","","","","","","","","","","","","","","","","","","","","","","","","","","","","","","","","","","","","","","","","",""
"83097099999","1932-08-08T09:00:00","-10.2","-36.8666666","19.0","PROPRIA, BR","FM-12","4","","","72","","||FG","","","","","30.05","","","","090","","6","","","","","","","","","","","","","","","","","","","","","","","","","","","","","","","","","","","","","","","","","","","","","","","","","","","","","","","","","","","","","","","","","","","","","","","","","","","","","","","","","","","","","","","","","","","","","","","","","","","","",""
"83097099999","1932-08-09T09:00:00","-10.2","-36.8666666","19.0","PROPRIA, BR","FM-12","4","","","72","","||DZ","","","","","30.05","","","","000","","0","","","","","","","","","","","","","","","","","","","","","","","","","","","","","","","","","","","","","","","","","","","","","","","","","","","","","","","","","","","","","","","","","","","","","","","","","","","","","","","","","","","","","","","","","","","","","","","","","","","","",""
"83097099999","1932-08-10T09:00:00","-10.2","-36.8666666","19.0","PROPRIA, BR","FM-12","4","","","75","","||FG","","","","","30.06","","","","000","","0","","","","","","","","","","","","","","","","","","","","","","","","","","","","","","","","","","","","","","","","","","","","","","","","","","","","","","","","","","","","","","","","","","","","","","","","","","","","","","","","","","","","","","","","","","","","","","","","","","","","",""
"83097099999","1932-08-11T09:00:00","-10.2","-36.8666666","19.0","PROPRIA, BR","FM-12","4","","","75","","||FG","","","","","30.09","","","","000","","0","","","","","","","","","","","","","","","","","","","","","","","","","","","","","","","","","","","","","","","","","","","","","","","","","","","","","","","","","","","","","","","","","","","","","","","","","","","","","","","","","","","","","","","","","","","","","","","","","","","","",""
"83097099999","1932-08-12T09:00:00","-10.2","-36.8666666","19.0","PROPRIA, BR","FM-12","4","","","72","","||FG","","","","","30.07","","","","090","","6","","","","","","","","","","","","","","","","","","","","","","","","","","","","","","","","","","","","","","","","","","","","","","","","","","","","","","","","","","","","","","","","","","","","","","","","","","","","","","","","","","","","","","","","","","","","","","","","","","","","",""
"83097099999","1932-08-13T09:00:00","-10.2","-36.8666666","19.0","PROPRIA, BR","FM-12","4","","","75","","||FG","","","","","30.07","","","","000","","0","","","","","","","","","","","","","","","","","","","","","","","","","","","","","","","","","","","","","","","","","","","","","","","","","","","","","","","","","","","","","","","","","","","","","","","","","","","","","","","","","","","","","","","","","","","","","","","","","","","","",""
"83097099999","1932-08-14T09:00:00","-10.2","-36.8666666","19.0","PROPRIA, BR","FM-12","4","","","73","","||FG","","","","","30.03","","","","000","","0","","","","","","","","","","","","","","","","","","","","","","","","","","","","","","","","","","","","","","","","","","","","","","","","","","","","","","","","","","","","","","","","","","","","","","","","","","","","","","","","","","","","","","","","","","","","","","","","","","","","",""
"83097099999","1932-08-16T09:00:00","-10.2","-36.8666666","19.0","PROPRIA, BR","FM-12","4","","","70","","||DZ","","","","","30.06","","","","000","","0","","","","","","","","","","","","","","","","","","","","","","","","","","","","","","","","","","","","","","","","","","","","","","","","","","","","","","","","","","","","","","","","","","","","","","","","","","","","","","","","","","","","","","","","","","","","","","","","","","","","",""
"83097099999","1932-08-19T09:00:00","-10.2","-36.8666666","19.0","PROPRIA, BR","FM-12","4","","","73","","||FG","","","","","30.08","","","","000","","0","","","","","","","","","","","","","","","","","","","","","","","","","","","","","","","","","","","","","","","","","","","","","","","","","","","","","","","","","","","","","","","","","","","","","","","","","","","","","","","","","","","","","","","","","","","","","","","","","","","","",""
"83097099999","1932-08-22T09:00:00","-10.2","-36.8666666","19.0","PROPRIA, BR","FM-12","4","","","75","","||FG","","","","","30.06","","","","000","","0","","","","","","","","","","","","","","","","","","","","","","","","","","","","","","","","","","","","","","","","","","","","","","","","","","","","","","","","","","","","","","","","","","","","","","","","","","","","","","","","","","","","","","","","","","","","","","","","","","","","",""
"83097099999","1932-08-24T09:00:00","-10.2","-36.8666666","19.0","PROPRIA, BR","FM-12","4","","","75","","||FG","","","","","30.03","","","","000","","0","","","","","","","","","","","","","","","","","","","","","","","","","","","","","","","","","","","","","","","","","","","","","","","","","","","","","","","","","","","","","","","","","","","","","","","","","","","","","","","","","","","","","","","","","","","","","","","","","","","","",""
"83097099999","1932-08-25T09:00:00","-10.2","-36.8666666","19.0","PROPRIA, BR","FM-12","4","","","75","","||FG","","","","","30.01","","","","000","","0","","","","","","","","","","","","","","","","","","","","","","","","","","","","","","","","","","","","","","","","","","","","","","","","","","","","","","","","","","","","","","","","","","","","","","","","","","","","","","","","","","","","","","","","","","","","","","","","","","","","",""
"83097099999","1932-08-26T09:00:00","-10.2","-36.8666666","19.0","PROPRIA, BR","FM-12","4","","","77","","||FG","","","","","30.06","","","","000","","0","","","","","","","","","","","","","","","","","","","","","","","","","","","","","","","","","","","","","","","","","","","","","","","","","","","","","","","","","","","","","","","","","","","","","","","","","","","","","","","","","","","","","","","","","","","","","","","","","","","","",""
"83097099999","1932-08-29T09:00:00","-10.2","-36.8666666","19.0","PROPRIA, BR","FM-12","4","","","75","","||FG","","","","","30.10","","","","000","","0","","","","","","","","","","","","","","","","","","","","","","","","","","","","","","","","","","","","","","","","","","","","","","","","","","","","","","","","","","","","","","","","","","","","","","","","","","","","","","","","","","","","","","","","","","","","","","","","","","","","",""
"83097099999","1932-08-30T09:00:00","-10.2","-36.8666666","19.0","PROPRIA, BR","FM-12","4","","","73","","||DZ","","","","","30.15","","","","000","","0","","","","","","","","","","","","","","","","","","","","","","","","","","","","","","","","","","","","","","","","","","","","","","","","","","","","","","","","","","","","","","","","","","","","","","","","","","","","","","","","","","","","","","","","","","","","","","","","","","","","",""
"83097099999","1932-08-31T09:00:00","-10.2","-36.8666666","19.0","PROPRIA, BR","FM-12","4","","","75","","||FG","","","","","30.09","","","","000","","0","","","","","","","","","","","","","","","","","","","","","","","","","","","","","","","","","","","","","","","","","","","","","","","","","","","","","","","","","","","","","","","","","","","","","","","","","","","","","","","","","","","","","","","","","","","","","","","","","","","","",""
"83097099999","1932-09-02T09:00:00","-10.2","-36.8666666","19.0","PROPRIA, BR","FM-12","4","","","77","","||FG","","","","","30.09","","","","000","","0","","","","","","","","","","","","","","","","","","","","","","","","","","","","","","","","","","","","","","","","","","","","","","","","","","","","","","","","","","","","","","","","","","","","","","","","","","","","","","","","","","","","","","","","","","","","","","","","","","","","",""
"83097099999","1932-09-04T09:00:00","-10.2","-36.8666666","19.0","PROPRIA, BR","FM-12","4","","","75","","||FG","","","","","30.09","","","","000","","0","","","","","","","","","","","","","","","","","","","","","","","","","","","","","","","","","","","","","","","","","","","","","","","","","","","","","","","","","","","","","","","","","","","","","","","","","","","","","","","","","","","","","","","","","","","","","","","","","","","","",""
"83097099999","1932-09-05T09:00:00","-10.2","-36.8666666","19.0","PROPRIA, BR","FM-12","4","","","75","","||FG","","","","","30.09","","","","000","","0","","","","","","","","","","","","","","","","","","","","","","","","","","","","","","","","","","","","","","","","","","","","","","","","","","","","","","","","","","","","","","","","","","","","","","","","","","","","","","","","","","","","","","","","","","","","","","","","","","","","",""
"83097099999","1932-09-07T09:00:00","-10.2","-36.8666666","19.0","PROPRIA, BR","FM-12","4","","","73","","||FG","","","","","30.13","","","","000","","0","","","","","","","","","","","","","","","","","","","","","","","","","","","","","","","","","","","","","","","","","","","","","","","","","","","","","","","","","","","","","","","","","","","","","","","","","","","","","","","","","","","","","","","","","","","","","","","","","","","","",""
"83097099999","1932-09-08T09:00:00","-10.2","-36.8666666","19.0","PROPRIA, BR","FM-12","4","","","77","","||FG","","","","","30.11","","","","000","","0","","","","","","","","","","","","","","","","","","","","","","","","","","","","","","","","","","","","","","","","","","","","","","","","","","","","","","","","","","","","","","","","","","","","","","","","","","","","","","","","","","","","","","","","","","","","","","","","","","","","",""
"83097099999","1932-09-09T09:00:00","-10.2","-36.8666666","19.0","PROPRIA, BR","FM-12","4","","","73","","||FG","","","","","30.11","","","","000","","0","","","","","","","","","","","","","","","","","","","","","","","","","","","","","","","","","","","","","","","","","","","","","","","","","","","","","","","","","","","","","","","","","","","","","","","","","","","","","","","","","","","","","","","","","","","","","","","","","","","","",""
"83097099999","1932-09-13T09:00:00","-10.2","-36.8666666","19.0","PROPRIA, BR","FM-12","4","","","81","","||FG","","","","","30.06","","","","140","","21","","","","","","","","","","","","","","","","","","","","","","","","","","","","","","","","","","","","","","","","","","","","","","","","","","","","","","","","","","","","","","","","","","","","","","","","","","","","","","","","","","","","","","","","","","","","","","","","","","","","",""
"83097099999","1932-09-14T09:00:00","-10.2","-36.8666666","19.0","PROPRIA, BR","FM-12","4","","","77","","||FG","","","","","30.06","","","","000","","0","","","","","","","","","","","","","","","","","","","","","","","","","","","","","","","","","","","","","","","","","","","","","","","","","","","","","","","","","","","","","","","","","","","","","","","","","","","","","","","","","","","","","","","","","","","","","","","","","","","","",""
"83097099999","1932-09-16T09:00:00","-10.2","-36.8666666","19.0","PROPRIA, BR","FM-12","4","","","82","","||FG","","","","","30.11","","","","","","","","","","","","","","","","","","","","","","","","","","","","","","","","","","","","","","","","","","","","","","","","","","","","","","","","","","","","","","","","","","","","","","","","","","","","","","","","","","","","","","","","","","","","","","","","","","","","","","","","","","",""
"83097099999","1932-09-17T09:00:00","-10.2","-36.8666666","19.0","PROPRIA, BR","FM-12","4","","","81","","||FG","","","","","30.14","","","","140","","6","","","","","","","","","","","","","","","","","","","","","","","","","","","","","","","","","","","","","","","","","","","","","","","","","","","","","","","","","","","","","","","","","","","","","","","","","","","","","","","","","","","","","","","","","","","","","","","","","","","","",""
"83097099999","1932-09-18T09:00:00","-10.2","-36.8666666","19.0","PROPRIA, BR","FM-12","4","","","79","","||FG","","","","","30.09","","","","140","","6","","","","","","","","","","","","","","","","","","","","","","","","","","","","","","","","","","","","","","","","","","","","","","","","","","","","","","","","","","","","","","","","","","","","","","","","","","","","","","","","","","","","","","","","","","","","","","","","","","","","",""
"83097099999","1932-09-21T09:00:00","-10.2","-36.8666666","19.0","PROPRIA, BR","FM-12","4","","","79","","||FG","","","","","30.02","","","","000","","0","","","","","","","","","","","","","","","","","","","","","","","","","","","","","","","","","","","","","","","","","","","","","","","","","","","","","","","","","","","","","","","","","","","","","","","","","","","","","","","","","","","","","","","","","","","","","","","","","","","","",""
"83097099999","1932-09-22T09:00:00","-10.2","-36.8666666","19.0","PROPRIA, BR","FM-12","4","","","81","","||FG","","","","","30.05","","","","140","","21","","","","","","","","","","","","","","","","","","","","","","","","","","","","","","","","","","","","","","","","","","","","","","","","","","","","","","","","","","","","","","","","","","","","","","","","","","","","","","","","","","","","","","","","","","","","","","","","","","","","",""
"83097099999","1932-09-23T09:00:00","-10.2","-36.8666666","19.0","PROPRIA, BR","FM-12","4","","","75","","||DZ","","","","","30.02","","","","140","","21","","","","","","","","","","","","","","","","","","","","","","","","","","","","","","","","","","","","","","","","","","","","","","","","","","","","","","","","","","","","","","","","","","","","","","","","","","","","","","","","","","","","","","","","","","","","","","","","","","","","",""
"83097099999","1932-09-24T09:00:00","-10.2","-36.8666666","19.0","PROPRIA, BR","FM-12","4","","","79","","||DZ","","","","","29.98","","","","000","","0","","","","","","","","","","","","","","","","","","","","","","","","","","","","","","","","","","","","","","","","","","","","","","","","","","","","","","","","","","","","","","","","","","","","","","","","","","","","","","","","","","","","","","","","","","","","","","","","","","","","",""
"83097099999","1932-09-25T09:00:00","-10.2","-36.8666666","19.0","PROPRIA, BR","FM-12","4","","","81","","||FG","","","","","29.94","","","","140","","6","","","","","","","","","","","","","","","","","","","","","","","","","","","","","","","","","","","","","","","","","","","","","","","","","","","","","","","","","","","","","","","","","","","","","","","","","","","","","","","","","","","","","","","","","","","","","","","","","","","","",""
"83097099999","1932-09-26T09:00:00","-10.2","-36.8666666","19.0","PROPRIA, BR","FM-12","4","","","81","","||FG","","","","","29.95","","","","140","","21","","","","","","","","","","","","","","","","","","","","","","","","","","","","","","","","","","","","","","","","","","","","","","","","","","","","","","","","","","","","","","","","","","","","","","","","","","","","","","","","","","","","","","","","","","","","","","","","","","","","",""
"83097099999","1932-09-27T09:00:00","-10.2","-36.8666666","19.0","PROPRIA, BR","FM-12","4","","","82","","||FG","","","","","29.98","","","","000","","0","","","","","","","","","","","","","","","","","","","","","","","","","","","","","","","","","","","","","","","","","","","","","","","","","","","","","","","","","","","","","","","","","","","","","","","","","","","","","","","","","","","","","","","","","","","","","","","","","","","","",""
"83097099999","1932-10-09T09:00:00","-10.2","-36.8666666","19.0","PROPRIA, BR","FM-12","4","","","81","","||FG","","","","","30.01","","","","140","","21","","","","","","","","","","","","","","","","","","","","","","","","","","","","","","","","","","","","","","","","","","","","","","","","","","","","","","","","","","","","","","","","","","","","","","","","","","","","","","","","","","","","","","","","","","","","","","","","","","","","",""
"83097099999","1932-10-11T09:00:00","-10.2","-36.8666666","19.0","PROPRIA, BR","FM-12","4","","","81","","||FG","","","","","30.01","","","","140","","6","","","","","","","","","","","","","","","","","","","","","","","","","","","","","","","","","","","","","","","","","","","","","","","","","","","","","","","","","","","","","","","","","","","","","","","","","","","","","","","","","","","","","","","","","","","","","","","","","","","","",""
"83097099999","1932-10-17T09:00:00","-10.2","-36.8666666","19.0","PROPRIA, BR","FM-12","4","","","81","","||FG","","","","","29.97","","","","140","","6","","","","","","","","","","","","","","","","","","","","","","","","","","","","","","","","","","","","","","","","","","","","","","","","","","","","","","","","","","","","","","","","","","","","","","","","","","","","","","","","","","","","","","","","","","","","","","","","","","","","",""
"83097099999","1932-10-21T09:00:00","-10.2","-36.8666666","19.0","PROPRIA, BR","FM-12","4","","","84","","||FG","","","","","29.96","","","","140","","21","","","","","","","","","","","","","","","","","","","","","","","","","","","","","","","","","","","","","","","","","","","","","","","","","","","","","","","","","","","","","","","","","","","","","","","","","","","","","","","","","","","","","","","","","","","","","","","","","","","","",""
"83097099999","1932-10-23T09:00:00","-10.2","-36.8666666","19.0","PROPRIA, BR","FM-12","4","","","82","","||FG","","","","","30.01","","","","140","","21","","","","","","","","","","","","","","","","","","","","","","","","","","","","","","","","","","","","","","","","","","","","","","","","","","","","","","","","","","","","","","","","","","","","","","","","","","","","","","","","","","","","","","","","","","","","","","","","","","","","",""
"83097099999","1932-10-28T09:00:00","-10.2","-36.8666666","19.0","PROPRIA, BR","FM-12","4","","","86","","||FG","","","","","30.01","","","","000","","0","","","","","","","","","","","","","","","","","","","","","","","","","","","","","","","","","","","","","","","","","","","","","","","","","","","","","","","","","","","","","","","","","","","","","","","","","","","","","","","","","","","","","","","","","","","","","","","","","","","","",""
"83097099999","1932-11-02T09:00:00","-10.2","-36.8666666","19.0","PROPRIA, BR","FM-12","4","","","79","","||FG","","","","","29.98","","","","140","","21","","","","","","","","","","","","","","","","","","","","","","","","","","","","","","","","","","","","","","","","","","","","","","","","","","","","","","","","","","","","","","","","","","","","","","","","","","","","","","","","","","","","","","","","","","","","","","","","","","","","",""
"83097099999","1932-11-04T09:00:00","-10.2","-36.8666666","19.0","PROPRIA, BR","FM-12","4","","","84","","||FG","","","","","30.06","","","","140","","6","","","","","","","","","","","","","","","","","","","","","","","","","","","","","","","","","","","","","","","","","","","","","","","","","","","","","","","","","","","","","","","","","","","","","","","","","","","","","","","","","","","","","","","","","","","","","","","","","","","","",""
"83097099999","1932-11-07T09:00:00","-10.2","-36.8666666","19.0","PROPRIA, BR","FM-12","4","","","86","","||FG","","","","","29.94","","","","140","","21","","","","","","","","","","","","","","","","","","","","","","","","","","","","","","","","","","","","","","","","","","","","","","","","","","","","","","","","","","","","","","","","","","","","","","","","","","","","","","","","","","","","","","","","","","","","","","","","","","","","",""
"83097099999","1932-11-12T09:00:00","-10.2","-36.8666666","19.0","PROPRIA, BR","FM-12","4","","","88","","||FG","","","","","29.93","","","","360","","6","","","","","","","","","","","","","","","","","","","","","","","","","","","","","","","","","","","","","","","","","","","","","","","","","","","","","","","","","","","","","","","","","","","","","","","","","","","","","","","","","","","","","","","","","","","","","","","","","","","","",""
"83097099999","1932-11-13T09:00:00","-10.2","-36.8666666","19.0","PROPRIA, BR","FM-12","4","","","86","","||FG","","","","","29.91","","","","050","","6","","","","","","","","","","","","","","","","","","","","","","","","","","","","","","","","","","","","","","","","","","","","","","","","","","","","","","","","","","","","","","","","","","","","","","","","","","","","","","","","","","","","","","","","","","","","","","","","","","","","",""
"83097099999","1932-11-14T09:00:00","-10.2","-36.8666666","19.0","PROPRIA, BR","FM-12","4","","","86","","||FG","","","","","29.92","","","","140","","6","","","","","","","","","","","","","","","","","","","","","","","","","","","","","","","","","","","","","","","","","","","","","","","","","","","","","","","","","","","","","","","","","","","","","","","","","","","","","","","","","","","","","","","","","","","","","","","","","","","","",""
"83097099999","1932-11-16T09:00:00","-10.2","-36.8666666","19.0","PROPRIA, BR","FM-12","4","","","88","","||FG","","","","","29.88","","","","360","","6","","","","","","","","","","","","","","","","","","","","","","","","","","","","","","","","","","","","","","","","","","","","","","","","","","","","","","","","","","","","","","","","","","","","","","","","","","","","","","","","","","","","","","","","","","","","","","","","","","","","",""
"83097099999","1932-11-20T09:00:00","-10.2","-36.8666666","19.0","PROPRIA, BR","FM-12","4","","","82","","||FG","","","","","29.96","","","","140","","6","","","","","","","","","","","","","","","","","","","","","","","","","","","","","","","","","","","","","","","","","","","","","","","","","","","","","","","","","","","","","","","","","","","","","","","","","","","","","","","","","","","","","","","","","","","","","","","","","","","","",""
"83097099999","1932-11-21T09:00:00","-10.2","-36.8666666","19.0","PROPRIA, BR","FM-12","4","","","81","","||FG","","","","","30.03","","","","140","","6","","","","","","","","","","","","","","","","","","","","","","","","","","","","","","","","","","","","","","","","","","","","","","","","","","","","","","","","","","","","","","","","","","","","","","","","","","","","","","","","","","","","","","","","","","","","","","","","","","","","",""
"83097099999","1932-11-22T09:00:00","-10.2","-36.8666666","19.0","PROPRIA, BR","FM-12","4","","","84","","||FG","","","","","30.00","","","","140","","6","","","","","","","","","","","","","","","","","","","","","","","","","","","","","","","","","","","","","","","","","","","","","","","","","","","","","","","","","","","","","","","","","","","","","","","","","","","","","","","","","","","","","","","","","","","","","","","","","","","","",""
"83097099999","1932-11-23T09:00:00","-10.2","-36.8666666","19.0","PROPRIA, BR","FM-12","4","","","81","","||FG","","","","","29.97","","","","090","","6","","","","","","","","","","","","","","","","","","","","","","","","","","","","","","","","","","","","","","","","","","","","","","","","","","","","","","","","","","","","","","","","","","","","","","","","","","","","","","","","","","","","","","","","","","","","","","","","","","","","",""
"83097099999","1932-11-24T09:00:00","-10.2","-36.8666666","19.0","PROPRIA, BR","FM-12","4","","","82","","||FG","","","","","30.00","","","","140","","6","","","","","","","","","","","","","","","","","","","","","","","","","","","","","","","","","","","","","","","","","","","","","","","","","","","","","","","","","","","","","","","","","","","","","","","","","","","","","","","","","","","","","","","","","","","","","","","","","","","","",""
"83097099999","1932-11-26T09:00:00","-10.2","-36.8666666","19.0","PROPRIA, BR","FM-12","4","","","84","","||FG","","","","","30.00","","","","140","","6","","","","","","","","","","","","","","","","","","","","","","","","","","","","","","","","","","","","","","","","","","","","","","","","","","","","","","","","","","","","","","","","","","","","","","","","","","","","","","","","","","","","","","","","","","","","","","","","","","","","",""
"83097099999","1932-11-27T09:00:00","-10.2","-36.8666666","19.0","PROPRIA, BR","FM-12","4","","","86","","","","","","","30.00","","","","360","","21","","","","","","","","","","","","","","","","","","","","","","","","","","","","","","","","","","","","","","","","","","","","","","","","","","","","","","","","","","","","","","","","","","","","","","","","","","","","","","","","","","","","","","","","","","","","","","","","","","","","",""
"83097099999","1932-12-01T09:00:00","-10.2","-36.8666666","19.0","PROPRIA, BR","FM-12","4","","","84","","||FG","","","","","29.95","","","","140","","21","","","","","","","","","","","","","","","","","","","","","","","","","","","","","","","","","","","","","","","","","","","","","","","","","","","","","","","","","","","","","","","","","","","","","","","","","","","","","","","","","","","","","","","","","","","","","","","","","","","","",""
"83097099999","1932-12-02T09:00:00","-10.2","-36.8666666","19.0","PROPRIA, BR","FM-12","4","","","84","","||FG","","","","","29.98","","","","090","","6","","","","","","","","","","","","","","","","","","","","","","","","","","","","","","","","","","","","","","","","","","","","","","","","","","","","","","","","","","","","","","","","","","","","","","","","","","","","","","","","","","","","","","","","","","","","","","","","","","","","",""
"83097099999","1932-12-03T09:00:00","-10.2","-36.8666666","19.0","PROPRIA, BR","FM-12","4","","","82","","||FG","","","","","29.97","","","","140","","21","","","","","","","","","","","","","","","","","","","","","","","","","","","","","","","","","","","","","","","","","","","","","","","","","","","","","","","","","","","","","","","","","","","","","","","","","","","","","","","","","","","","","","","","","","","","","","","","","","","","",""
"83097099999","1932-12-04T09:00:00","-10.2","-36.8666666","19.0","PROPRIA, BR","FM-12","4","","","84","","||FG","","","","","29.97","","","","140","","6","","","","","","","","","","","","","","","","","","","","","","","","","","","","","","","","","","","","","","","","","","","","","","","","","","","","","","","","","","","","","","","","","","","","","","","","","","","","","","","","","","","","","","","","","","","","","","","","","","","","",""
"83097099999","1932-12-06T09:00:00","-10.2","-36.8666666","19.0","PROPRIA, BR","FM-12","4","","","82","","||FG","","","","","29.98","","","","140","","6","","","","","","","","","","","","","","","","","","","","","","","","","","","","","","","","","","","","","","","","","","","","","","","","","","","","","","","","","","","","","","","","","","","","","","","","","","","","","","","","","","","","","","","","","","","","","","","","","","","","",""
"83097099999","1932-12-09T09:00:00","-10.2","-36.8666666","19.0","PROPRIA, BR","FM-12","4","","","84","","||FG","","","","","29.91","","","","140","","6","","","","","","","","","","","","","","","","","","","","","","","","","","","","","","","","","","","","","","","","","","","","","","","","","","","","","","","","","","","","","","","","","","","","","","","","","","","","","","","","","","","","","","","","","","","","","","","","","","","","",""
"83097099999","1932-12-10T09:00:00","-10.2","-36.8666666","19.0","PROPRIA, BR","FM-12","4","","","86","","||FG","","","","","29.89","","","","140","","6","","","","","","","","","","","","","","","","","","","","","","","","","","","","","","","","","","","","","","","","","","","","","","","","","","","","","","","","","","","","","","","","","","","","","","","","","","","","","","","","","","","","","","","","","","","","","","","","","","","","",""
"83097099999","1932-12-13T09:00:00","-10.2","-36.8666666","19.0","PROPRIA, BR","FM-12","4","","","82","","||FG","","","","","29.94","","","","000","","0","","","","","","","","","","","","","","","","","","","","","","","","","","","","","","","","","","","","","","","","","","","","","","","","","","","","","","","","","","","","","","","","","","","","","","","","","","","","","","","","","","","","","","","","","","","","","","","","","","","","",""
"83097099999","1932-12-14T09:00:00","-10.2","-36.8666666","19.0","PROPRIA, BR","FM-12","4","","","86","","||FG","","","","","29.90","","","","140","","6","","","","","","","","","","","","","","","","","","","","","","","","","","","","","","","","","","","","","","","","","","","","","","","","","","","","","","","","","","","","","","","","","","","","","","","","","","","","","","","","","","","","","","","","","","","","","","","","","","","","",""
"83097099999","1932-12-15T09:00:00","-10.2","-36.8666666","19.0","PROPRIA, BR","FM-12","4","","","84","","||FG","","","","","29.95","","","","140","","6","","","","","","","","","","","","","","","","","","","","","","","","","","","","","","","","","","","","","","","","","","","","","","","","","","","","","","","","","","","","","","","","","","","","","","","","","","","","","","","","","","","","","","","","","","","","","","","","","","","","",""
"83097099999","1932-12-17T09:00:00","-10.2","-36.8666666","19.0","PROPRIA, BR","FM-12","4","","","86","","||FG","","","","","29.95","","","","140","","6","","","","","","","","","","","","","","","","","","","","","","","","","","","","","","","","","","","","","","","","","","","","","","","","","","","","","","","","","","","","","","","","","","","","","","","","","","","","","","","","","","","","","","","","","","","","","","","","","","","","",""
"83097099999","1932-12-18T09:00:00","-10.2","-36.8666666","19.0","PROPRIA, BR","FM-12","4","","","72","","||FG","","","","","29.93","","","","360","","6","","","","","","","","","","","","","","","","","","","","","","","","","","","","","","","","","","","","","","","","","","","","","","","","","","","","","","","","","","","","","","","","","","","","","","","","","","","","","","","","","","","","","","","","","","","","","","","","","","","","",""
