"STATION","DATE","LATITUDE","LONGITUDE","ELEVATION","NAME","REPORT_TYPE","SOURCE","HourlyAltimeterSetting","HourlyDewPointTemperature","HourlyDryBulbTemperature","HourlyPrecipitation","HourlyPresentWeatherType","HourlyPressureChange","HourlyPressureTendency","HourlyRelativeHumidity","HourlySkyConditions","HourlySeaLevelPressure","HourlyStationPressure","HourlyVisibility","HourlyWetBulbTemperature","HourlyWindDirection","HourlyWindGustSpeed","HourlyWindSpeed","Sunrise","Sunset","DailyAverageDewPointTemperature","DailyAverageDryBulbTemperature","DailyAverageRelativeHumidity","DailyAverageSeaLevelPressure","DailyAverageStationPressure","DailyAverageWetBulbTemperature","DailyAverageWindSpeed","DailyCoolingDegreeDays","DailyDepartureFromNormalAverageTemperature","DailyHeatingDegreeDays","DailyMaximumDryBulbTemperature","DailyMinimumDryBulbTemperature","DailyPeakWindDirection","DailyPeakWindSpeed","DailyPrecipitation","DailySnowDepth","DailySnowfall","DailySustainedWindDirection","DailySustainedWindSpeed","DailyWeather","MonthlyAverageRH","MonthlyDaysWithGT001Precip","MonthlyDaysWithGT010Precip","MonthlyDaysWithGT32Temp","MonthlyDaysWithGT90Temp","MonthlyDaysWithLT0Temp","MonthlyDaysWithLT32Temp","MonthlyDepartureFromNormalAverageTemperature","MonthlyDepartureFromNormalCoolingDegreeDays","MonthlyDepartureFromNormalHeatingDegreeDays","MonthlyDepartureFromNormalMaximumTemperature","MonthlyDepartureFromNormalMinimumTemperature","MonthlyDepartureFromNormalPrecipitation","MonthlyDewpointTemperature","MonthlyGreatestPrecip","MonthlyGreatestPrecipDate","MonthlyGreatestSnowDepth","MonthlyGreatestSnowDepthDate","MonthlyGreatestSnowfall","MonthlyGreatestSnowfallDate","MonthlyMaxSeaLevelPressureValue","MonthlyMaxSeaLevelPressureValueDate","MonthlyMaxSeaLevelPressureValueTime","MonthlyMaximumTemperature","MonthlyMeanTemperature","MonthlyMinSeaLevelPressureValue","MonthlyMinSeaLevelPressureValueDate","MonthlyMinSeaLevelPressureValueTime","MonthlyMinimumTemperature","MonthlySeaLevelPressure","MonthlyStationPressure","MonthlyTotalLiquidPrecipitation","MonthlyTotalSnowfall","MonthlyWetBulb","AWND","CDSD","CLDD","DSNW","HDSD","HTDD","DYTS","DYHF","NormalsCoolingDegreeDay","NormalsHeatingDegreeDay","ShortDurationEndDate005","ShortDurationEndDate010","ShortDurationEndDate015","ShortDurationEndDate020","ShortDurationEndDate030","ShortDurationEndDate045","ShortDurationEndDate060","ShortDurationEndDate080","ShortDurationEndDate100","ShortDurationEndDate120","ShortDurationEndDate150","ShortDurationEndDate180","ShortDurationPrecipitationValue005","ShortDurationPrecipitationValue010","ShortDurationPrecipitationValue015","ShortDurationPrecipitationValue020","ShortDurationPrecipitationValue030","ShortDurationPrecipitationValue045","ShortDurationPrecipitationValue060","ShortDurationPrecipitationValue080","ShortDurationPrecipitationValue100","ShortDurationPrecipitationValue120","ShortDurationPrecipitationValue150","ShortDurationPrecipitationValue180","REM","BackupDirection","BackupDistance","BackupDistanceUnit","BackupElements","BackupElevation","BackupEquipment","BackupLatitude","BackupLongitude","BackupName","WindEquipmentChangeDate"
"03980099999","1926-07-01T06:00:00","55.3666666","-7.3333333","25.0","MALIN HEAD, EI","FM-12","4","","","54","","","-0.02","3","","","","","6.21","","290","","2","","","","","","","","","","","","","","","","","","","","","","","","","","","","","","","","","","","","","","","","","","","","","","","","","","","","","","","","","","","","","","","","","","","","","","","","","","","","","","","","","","","","","","","","","","","","","","","","","","","","",""
"03980099999","1926-07-10T06:00:00","55.3666666","-7.3333333","25.0","MALIN HEAD, EI","FM-12","4","","","55","","","","","","","","","12.43","","270","","10","","","","","","","","","","","","","","","","","","","","","","","","","","","","","","","","","","","","","","","","","","","","","","","","","","","","","","","","","","","","","","","","","","","","","","","","","","","","","","","","","","","","","","","","","","","","","","","","","","","","",""
"03980099999","1926-07-17T06:00:00","55.3666666","-7.3333333","25.0","MALIN HEAD, EI","FM-12","4","","","61","","","+0.02","8","","","30.02","","2.49","","250","","6","","","","","","","","","","","","","","","","","","","","","","","","","","","","","","","","","","","","","","","","","","","","","","","","","","","","","","","","","","","","","","","","","","","","","","","","","","","","","","","","","","","","","","","","","","","","","","","","","","","","",""
"03980099999","1926-07-20T06:00:00","55.3666666","-7.3333333","25.0","MALIN HEAD, EI","FM-12","4","","","59","","","","","","","29.80","","12.43","","270","","21","","","","","","","","","","","","","","","","","","","","","","","","","","","","","","","","","","","","","","","","","","","","","","","","","","","","","","","","","","","","","","","","","","","","","","","","","","","","","","","","","","","","","","","","","","","","","","","","","","","","",""
"03980099999","1926-07-22T06:00:00","55.3666666","-7.3333333","25.0","MALIN HEAD, EI","FM-12","4","","","54","","||RA","+0.04","8","","","29.80","","2.49","","230","","21","","","","","","","","","","","","","","","","","","","","","","","","","","","","","","","","","","","","","","","","","","","","","","","","","","","","","","","","","","","","","","","","","","","","","","","","","","","","","","","","","","","","","","","","","","","","","","","","","","","","",""
"03980099999","1926-07-23T06:00:00","55.3666666","-7.3333333","25.0","MALIN HEAD, EI","FM-12","4","","","55","","","","","","","29.65","","12.43","","","","15","","","","","","","","","","","","","","","","","","","","","","","","","","","","","","","","","","","","","","","","","","","","","","","","","","","","","","","","","","","","","","","","","","","","","","","","","","","","","","","","","","","","","","","","","","","","","","","","","","","","",""
"03980099999","1926-07-26T06:00:00","55.3666666","-7.3333333","25.0","MALIN HEAD, EI","FM-12","4","","","55","","","","","","","29.97","","12.43","","290","","15","","","","","","","","","","","","","","","","","","","","","","","","","","","","","","","","","","","","","","","","","","","","","","","","","","","","","","","","","","","","","","","","","","","","","","","","","","","","","","","","","","","","","","","","","","","","","","","","","","","","",""
"03980099999","1926-07-28T06:00:00","55.3666666","-7.3333333","25.0","MALIN HEAD, EI","FM-12","4","","","59","","||DZ","+0.04","8","","","30.22","","0.62","","270","","15","","","","","","","","","","","","","","","","","","","","","","","","","","","","","","","","","","","","","","","","","","","","","","","","","","","","","","","","","","","","","","","","","","","","","","","","","","","","","","","","","","","","","","","","","","","","","","","","","","","","",""
"03980099999","1926-07-29T06:00:00","55.3666666","-7.3333333","25.0","MALIN HEAD, EI","FM-12","4","","","61","","||DZ","","","","","30.12","","1.24","","250","","15","","","","","","","","","","","","","","","","","","","","","","","","","","","","","","","","","","","","","","","","","","","","","","","","","","","","","","","","","","","","","","","","","","","","","","","","","","","","","","","","","","","","","","","","","","","","","","","","","","","","",""
"03980099999","1926-07-30T06:00:00","55.3666666","-7.3333333","25.0","MALIN HEAD, EI","FM-12","4","","","59","","","-0.04","3","","","30.27","","12.43","","270","","10","","","","","","","","","","","","","","","","","","","","","","","","","","","","","","","","","","","","","","","","","","","","","","","","","","","","","","","","","","","","","","","","","","","","","","","","","","","","","","","","","","","","","","","","","","","","","","","","","","","","",""
"03980099999","1926-09-02T06:00:00","55.3666666","-7.3333333","25.0","MALIN HEAD, EI","FM-12","4","","","54","","","+0.02","6","","","30.10","","12.43","","160","","6","","","","","","","","","","","","","","","","","","","","","","","","","","","","","","","","","","","","","","","","","","","","","","","","","","","","","","","","","","","","","","","","","","","","","","","","","","","","","","","","","","","","","","","","","","","","","","","","","","","","",""
"03980099999","1926-09-03T06:00:00","55.3666666","-7.3333333","25.0","MALIN HEAD, EI","FM-12","4","","","59","","","+0.02","6","","","30.00","","12.43","","180","","10","","","","","","","","","","","","","","","","","","","","","","","","","","","","","","","","","","","","","","","","","","","","","","","","","","","","","","","","","","","","","","","","","","","","","","","","","","","","","","","","","","","","","","","","","","","","","","","","","","","","",""
"03980099999","1926-09-05T06:00:00","55.3666666","-7.3333333","25.0","MALIN HEAD, EI","FM-12","4","","","55","","||RA","","","","","29.96","","2.49","","250","","15","","","","","","","","","","","","","","","","","","","","","","","","","","","","","","","","","","","","","","","","","","","","","","","","","","","","","","","","","","","","","","","","","","","","","","","","","","","","","","","","","","","","","","","","","","","","","","","","","","","","",""
"03980099999","1926-09-07T06:00:00","55.3666666","-7.3333333","25.0","MALIN HEAD, EI","FM-12","4","","","55","","","","","","","29.96","","12.43","","290","","15","","","","","","","","","","","","","","","","","","","","","","","","","","","","","","","","","","","","","","","","","","","","","","","","","","","","","","","","","","","","","","","","","","","","","","","","","","","","","","","","","","","","","","","","","","","","","","","","","","","","",""
"03980099999","1926-09-08T06:00:00","55.3666666","-7.3333333","25.0","MALIN HEAD, EI","FM-12","4","","","50","","","-0.02","3","","","30.19","","6.21","","270","","10","","","","","","","","","","","","","","","","","","","","","","","","","","","","","","","","","","","","","","","","","","","","","","","","","","","","","","","","","","","","","","","","","","","","","","","","","","","","","","","","","","","","","","","","","","","","","","","","","","","","",""
"03980099999","1926-09-12T06:00:00","55.3666666","-7.3333333","25.0","MALIN HEAD, EI","FM-12","4","","","54","","||SHRA","-0.04","3","","","29.48","","6.21","","290","","15","","","","","","","","","","","","","","","","","","","","","","","","","","","","","","","","","","","","","","","","","","","","","","","","","","","","","","","","","","","","","","","","","","","","","","","","","","","","","","","","","","","","","","","","","","","","","","","","","","","","",""
"03980099999","1926-09-13T06:00:00","55.3666666","-7.3333333","25.0","MALIN HEAD, EI","FM-12","4","","","52","","||RA","-0.02","1","","","29.93","","6.21","","230","","10","","","","","","","","","","","","","","","","","","","","","","","","","","","","","","","","","","","","","","","","","","","","","","","","","","","","","","","","","","","","","","","","","","","","","","","","","","","","","","","","","","","","","","","","","","","","","","","","","","","","",""
"03980099999","1926-09-14T06:00:00","55.3666666","-7.3333333","25.0","MALIN HEAD, EI","FM-12","4","","","55","","","-0.02","3","","","30.09","","12.43","","270","","15","","","","","","","","","","","","","","","","","","","","","","","","","","","","","","","","","","","","","","","","","","","","","","","","","","","","","","","","","","","","","","","","","","","","","","","","","","","","","","","","","","","","","","","","","","","","","","","","","","","","",""
"03980099999","1926-09-17T06:00:00","55.3666666","-7.3333333","25.0","MALIN HEAD, EI","FM-12","4","","","63","","","0.00","4","","","29.88","","6.21","","180","","21","","","","","","","","","","","","","","","","","","","","","","","","","","","","","","","","","","","","","","","","","","","","","","","","","","","","","","","","","","","","","","","","","","","","","","","","","","","","","","","","","","","","","","","","","","","","","","","","","","","","",""
"03980099999","1926-09-18T06:00:00","55.3666666","-7.3333333","25.0","MALIN HEAD, EI","FM-12","4","","","59","","","+0.08","8","","","29.70","","12.43","","140","","28","","","","","","","","","","","","","","","","","","","","","","","","","","","","","","","","","","","","","","","","","","","","","","","","","","","","","","","","","","","","","","","","","","","","","","","","","","","","","","","","","","","","","","","","","","","","","","","","","","","","",""
"03980099999","1926-09-20T06:00:00","55.3666666","-7.3333333","25.0","MALIN HEAD, EI","FM-12","4","","","55","","","","","","","30.23","","12.43","","340","","15","","","","","","","","","","","","","","","","","","","","","","","","","","","","","","","","","","","","","","","","","","","","","","","","","","","","","","","","","","","","","","","","","","","","","","","","","","","","","","","","","","","","","","","","","","","","","","","","","","","","",""
"03980099999","1926-09-21T06:00:00","55.3666666","-7.3333333","25.0","MALIN HEAD, EI","FM-12","4","","","55","","","+0.02","6","","","30.33","","31.07","","180","","15","","","","","","","","","","","","","","","","","","","","","","","","","","","","","","","","","","","","","","","","","","","","","","","","","","","","","","","","","","","","","","","","","","","","","","","","","","","","","","","","","","","","","","","","","","","","","","","","","","","","",""
"03980099999","1926-09-22T06:00:00","55.3666666","-7.3333333","25.0","MALIN HEAD, EI","FM-12","4","","","54","","","","","","","30.39","","12.43","","290","","15","","","","","","","","","","","","","","","","","","","","","","","","","","","","","","","","","","","","","","","","","","","","","","","","","","","","","","","","","","","","","","","","","","","","","","","","","","","","","","","","","","","","","","","","","","","","","","","","","","","","",""
"03980099999","1926-09-24T06:00:00","55.3666666","-7.3333333","25.0","MALIN HEAD, EI","FM-12","4","","","52","","","-0.04","3","","","30.91","","12.43","","320","","28","","","","","","","","","","","","","","","","","","","","","","","","","","","","","","","","","","","","","","","","","","","","","","","","","","","","","","","","","","","","","","","","","","","","","","","","","","","","","","","","","","","","","","","","","","","","","","","","","","","","",""
"03980099999","1926-09-26T06:00:00","55.3666666","-7.3333333","25.0","MALIN HEAD, EI","FM-12","4","","","48","","||RA","+0.02","8","","","29.66","","6.21","","340","","15","","","","","","","","","","","","","","","","","","","","","","","","","","","","","","","","","","","","","","","","","","","","","","","","","","","","","","","","","","","","","","","","","","","","","","","","","","","","","","","","","","","","","","","","","","","","","","","","","","","","",""
"03980099999","1926-09-27T06:00:00","55.3666666","-7.3333333","25.0","MALIN HEAD, EI","FM-12","4","","","54","","","-0.06","3","","","29.99","","12.43","","340","","21","","","","","","","","","","","","","","","","","","","","","","","","","","","","","","","","","","","","","","","","","","","","","","","","","","","","","","","","","","","","","","","","","","","","","","","","","","","","","","","","","","","","","","","","","","","","","","","","","","","","",""
"03980099999","1926-09-28T06:00:00","55.3666666","-7.3333333","25.0","MALIN HEAD, EI","FM-12","4","","","54","","","-0.02","3","","","30.22","","31.07","","320","","15","","","","","","","","","","","","","","","","","","","","","","","","","","","","","","","","","","","","","","","","","","","","","","","","","","","","","","","","","","","","","","","","","","","","","","","","","","","","","","","","","","","","","","","","","","","","","","","","","","","","",""
"03980099999","1926-09-29T06:00:00","55.3666666","-7.3333333","25.0","MALIN HEAD, EI","FM-12","4","","","52","","","","","","","30.26","","12.43","","230","","10","","","","","","","","","","","","","","","","","","","","","","","","","","","","","","","","","","","","","","","","","","","","","","","","","","","","","","","","","","","","","","","","","","","","","","","","","","","","","","","","","","","","","","","","","","","","","","","","","","","","",""
"03980099999","1926-10-02T06:00:00","55.3666666","-7.3333333","25.0","MALIN HEAD, EI","FM-12","4","","","59","","||DZ","-0.02","3","","","28.43","","6.21","","230","","15","","","","","","","","","","","","","","","","","","","","","","","","","","","","","","","","","","","","","","","","","","","","","","","","","","","","","","","","","","","","","","","","","","","","","","","","","","","","","","","","","","","","","","","","","","","","","","","","","","","","",""
"03980099999","1926-10-06T06:00:00","55.3666666","-7.3333333","25.0","MALIN HEAD, EI","FM-12","4","","","55","","","+0.06","8","","","28.37","","6.21","","140","","10","","","","","","","","","","","","","","","","","","","","","","","","","","","","","","","","","","","","","","","","","","","","","","","","","","","","","","","","","","","","","","","","","","","","","","","","","","","","","","","","","","","","","","","","","","","","","","","","","","","","",""
"03980099999","1926-10-07T06:00:00","55.3666666","-7.3333333","25.0","MALIN HEAD, EI","FM-12","4","","","55","","","+0.06","8","","","29.77","","6.21","","180","","15","","","","","","","","","","","","","","","","","","","","","","","","","","","","","","","","","","","","","","","","","","","","","","","","","","","","","","","","","","","","","","","","","","","","","","","","","","","","","","","","","","","","","","","","","","","","","","","","","","","","",""
"03980099999","1926-10-08T06:00:00","55.3666666","-7.3333333","25.0","MALIN HEAD, EI","FM-12","4","","","52","","||DZ","-0.02","3","","","","","12.43","","270","","6","","","","","","","","","","","","","","","","","","","","","","","","","","","","","","","","","","","","","","","","","","","","","","","","","","","","","","","","","","","","","","","","","","","","","","","","","","","","","","","","","","","","","","","","","","","","","","","","","","","","",""
"03980099999","1926-10-09T06:00:00","55.3666666","-7.3333333","25.0","MALIN HEAD, EI","FM-12","4","","","50","","||SHRA","-0.06","1","","","30.74","","6.21","","320","","34","","","","","","","","","","","","","","","","","","","","","","","","","","","","","","","","","","","","","","","","","","","","","","","","","","","","","","","","","","","","","","","","","","","","","","","","","","","","","","","","","","","","","","","","","","","","","","","","","","","","",""
"03980099999","1926-10-10T06:00:00","55.3666666","-7.3333333","25.0","MALIN HEAD, EI","FM-12","4","","","46","","||SHRA","-0.02","3","","","","","12.43","","340","","28","","","","","","","","","","","","","","","","","","","","","","","","","","","","","","","","","","","","","","","","","","","","","","","","","","","","","","","","","","","","","","","","","","","","","","","","","","","","","","","","","","","","","","","","","","","","","","","","","","","","",""
"03980099999","1926-10-11T06:00:00","55.3666666","-7.3333333","25.0","MALIN HEAD, EI","FM-12","4","","","46","","","+0.18s","8","","","","","6.21","","200","","21","","","","","","","","","","","","","","","","","","","","","","","","","","","","","","","","","","","","","","","","","","","","","","","","","","","","","","","","","","","","","","","","","","","","","","","","","","","","","","","","","","","","","","","","","","","","","","","","","","","","",""
"03980099999","1926-10-12T06:00:00","55.3666666","-7.3333333","25.0","MALIN HEAD, EI","FM-12","4","","","48","","||SHRA","-0.02","3","","","29.64","","12.43","","270","","15","","","","","","","","","","","","","","","","","","","","","","","","","","","","","","","","","","","","","","","","","","","","","","","","","","","","","","","","","","","","","","","","","","","","","","","","","","","","","","","","","","","","","","","","","","","","","","","","","","","","",""
"03980099999","1926-10-14T06:00:00","55.3666666","-7.3333333","25.0","MALIN HEAD, EI","FM-12","4","","","45","","||RA","","","","","29.44","","12.43","","320","","21","","","","","","","","","","","","","","","","","","","","","","","","","","","","","","","","","","","","","","","","","","","","","","","","","","","","","","","","","","","","","","","","","","","","","","","","","","","","","","","","","","","","","","","","","","","","","","","","","","","","",""
"03980099999","1926-10-15T06:00:00","55.3666666","-7.3333333","25.0","MALIN HEAD, EI","FM-12","4","","","45","","","-0.04","3","","","29.78","","12.43","","290","","15","","","","","","","","","","","","","","","","","","","","","","","","","","","","","","","","","","","","","","","","","","","","","","","","","","","","","","","","","","","","","","","","","","","","","","","","","","","","","","","","","","","","","","","","","","","","","","","","","","","","",""
"03980099999","1926-10-16T06:00:00","55.3666666","-7.3333333","25.0","MALIN HEAD, EI","FM-12","4","","","45","","","-0.02","1","","","30.00","","31.07","","250","","15","","","","","","","","","","","","","","","","","","","","","","","","","","","","","","","","","","","","","","","","","","","","","","","","","","","","","","","","","","","","","","","","","","","","","","","","","","","","","","","","","","","","","","","","","","","","","","","","","","","","",""
"03980099999","1926-10-17T06:00:00","55.3666666","-7.3333333","25.0","MALIN HEAD, EI","FM-12","4","","","46","","","-0.06","3","","","30.25","","31.07","","360","","28","","","","","","","","","","","","","","","","","","","","","","","","","","","","","","","","","","","","","","","","","","","","","","","","","","","","","","","","","","","","","","","","","","","","","","","","","","","","","","","","","","","","","","","","","","","","","","","","","","","","",""
"03980099999","1926-10-18T06:00:00","55.3666666","-7.3333333","25.0","MALIN HEAD, EI","FM-12","4","","","34","","","-0.02","3","","","30.39","","6.21","","290","","6","","","","","","","","","","","","","","","","","","","","","","","","","","","","","","","","","","","","","","","","","","","","","","","","","","","","","","","","","","","","","","","","","","","","","","","","","","","","","","","","","","","","","","","","","","","","","","","","","","","","",""
"03980099999","1926-10-19T06:00:00","55.3666666","-7.3333333","25.0","MALIN HEAD, EI","FM-12","4","","","46","","||SHRA","","","","","30.40","","12.43","","360","","15","","","","","","","","","","","","","","","","","","","","","","","","","","","","","","","","","","","","","","","","","","","","","","","","","","","","","","","","","","","","","","","","","","","","","","","","","","","","","","","","","","","","","","","","","","","","","","","","","","","","",""
"03980099999","1926-10-20T06:00:00","55.3666666","-7.3333333","25.0","MALIN HEAD, EI","FM-12","4","","","45","","","+0.06","8","","","28.47","","31.07","","050","","10","","","","","","","","","","","","","","","","","","","","","","","","","","","","","","","","","","","","","","","","","","","","","","","","","","","","","","","","","","","","","","","","","","","","","","","","","","","","","","","","","","","","","","","","","","","","","","","","","","","","",""
"03980099999","1926-10-21T06:00:00","55.3666666","-7.3333333","25.0","MALIN HEAD, EI","FM-12","4","","","39","","||RA","+0.10","8","","","","","12.43","","180","","10","","","","","","","","","","","","","","","","","","","","","","","","","","","","","","","","","","","","","","","","","","","","","","","","","","","","","","","","","","","","","","","","","","","","","","","","","","","","","","","","","","","","","","","","","","","","","","","","","","","","",""
"03980099999","1926-10-24T06:00:00","55.3666666","-7.3333333","25.0","MALIN HEAD, EI","FM-12","4","","","37","","||RA","+0.06","8","","","29.34","","2.49","","180","","15","","","","","","","","","","","","","","","","","","","","","","","","","","","","","","","","","","","","","","","","","","","","","","","","","","","","","","","","","","","","","","","","","","","","","","","","","","","","","","","","","","","","","","","","","","","","","","","","","","","","",""
"03980099999","1926-10-25T06:00:00","55.3666666","-7.3333333","25.0","MALIN HEAD, EI","FM-12","4","","","45","","||SH","","","","","29.27","","6.21","","020","","28","","","","","","","","","","","","","","","","","","","","","","","","","","","","","","","","","","","","","","","","","","","","","","","","","","","","","","","","","","","","","","","","","","","","","","","","","","","","","","","","","","","","","","","","","","","","","","","","","","","","",""
"03980099999","1926-10-26T06:00:00","55.3666666","-7.3333333","25.0","MALIN HEAD, EI","FM-12","4","","","46","","","-0.08","3","","","29.99","","31.07","","020","","15","","","","","","","","","","","","","","","","","","","","","","","","","","","","","","","","","","","","","","","","","","","","","","","","","","","","","","","","","","","","","","","","","","","","","","","","","","","","","","","","","","","","","","","","","","","","","","","","","","","","",""
"03980099999","1926-10-27T06:00:00","55.3666666","-7.3333333","25.0","MALIN HEAD, EI","FM-12","4","","","45","","||RA","+0.06","8","","","29.89","","6.21","","140","","15","","","","","","","","","","","","","","","","","","","","","","","","","","","","","","","","","","","","","","","","","","","","","","","","","","","","","","","","","","","","","","","","","","","","","","","","","","","","","","","","","","","","","","","","","","","","","","","","","","","","",""
"03980099999","1926-10-29T06:00:00","55.3666666","-7.3333333","25.0","MALIN HEAD, EI","FM-12","4","","","43","","","+0.02","6","","","29.58","","31.07","","020","","28","","","","","","","","","","","","","","","","","","","","","","","","","","","","","","","","","","","","","","","","","","","","","","","","","","","","","","","","","","","","","","","","","","","","","","","","","","","","","","","","","","","","","","","","","","","","","","","","","","","","",""
"03980099999","1926-10-30T06:00:00","55.3666666","-7.3333333","25.0","MALIN HEAD, EI","FM-12","4","","","43","","","-0.06","3","","","29.76","","12.43","","050","","10","","","","","","","","","","","","","","","","","","","","","","","","","","","","","","","","","","","","","","","","","","","","","","","","","","","","","","","","","","","","","","","","","","","","","","","","","","","","","","","","","","","","","","","","","","","","","","","","","","","","",""
"03980099999","1926-11-01T06:00:00","55.3666666","-7.3333333","25.0","MALIN HEAD, EI","FM-12","4","","","37","","","+0.06","8","","","29.88","","31.07","","140","","15","","","","","","","","","","","","","","","","","","","","","","","","","","","","","","","","","","","","","","","","","","","","","","","","","","","","","","","","","","","","","","","","","","","","","","","","","","","","","","","","","","","","","","","","","","","","","","","","","","","","",""
"03980099999","1926-11-03T06:00:00","55.3666666","-7.3333333","25.0","MALIN HEAD, EI","FM-12","4","","","37","","","-0.06","3","","","29.77","","12.43","","180","","6","","","","","","","","","","","","","","","","","","","","","","","","","","","","","","","","","","","","","","","","","","","","","","","","","","","","","","","","","","","","","","","","","","","","","","","","","","","","","","","","","","","","","","","","","","","","","","","","","","","","",""
"03980099999","1926-11-05T06:00:00","55.3666666","-7.3333333","25.0","MALIN HEAD, EI","FM-12","4","","","48","","||RA","+0.19s","7","","","28.26","","6.21","","180","","34","","","","","","","","","","","","","","","","","","","","","","","","","","","","","","","","","","","","","","","","","","","","","","","","","","","","","","","","","","","","","","","","","","","","","","","","","","","","","","","","","","","","","","","","","","","","","","","","","","","","",""
"03980099999","1926-11-06T06:00:00","55.3666666","-7.3333333","25.0","MALIN HEAD, EI","FM-12","4","","","45","","","","","","","29.14","","12.43","","230","","28","","","","","","","","","","","","","","","","","","","","","","","","","","","","","","","","","","","","","","","","","","","","","","","","","","","","","","","","","","","","","","","","","","","","","","","","","","","","","","","","","","","","","","","","","","","","","","","","","","","","",""
"03980099999","1926-11-07T06:00:00","55.3666666","-7.3333333","25.0","MALIN HEAD, EI","FM-12","4","","","41","","||RA","-0.00","0","","","29.16","","12.43","","230","","15","","","","","","","","","","","","","","","","","","","","","","","","","","","","","","","","","","","","","","","","","","","","","","","","","","","","","","","","","","","","","","","","","","","","","","","","","","","","","","","","","","","","","","","","","","","","","","","","","","","","",""
"03980099999","1926-11-08T06:00:00","55.3666666","-7.3333333","25.0","MALIN HEAD, EI","FM-12","4","","","39","","","","","","","29.15","","12.43","","200","","15","","","","","","","","","","","","","","","","","","","","","","","","","","","","","","","","","","","","","","","","","","","","","","","","","","","","","","","","","","","","","","","","","","","","","","","","","","","","","","","","","","","","","","","","","","","","","","","","","","","","",""
"03980099999","1926-11-09T06:00:00","55.3666666","-7.3333333","25.0","MALIN HEAD, EI","FM-12","4","","","43","","||RA","","","","","29.07","","6.21","","230","","6","","","","","","","","","","","","","","","","","","","","","","","","","","","","","","","","","","","","","","","","","","","","","","","","","","","","","","","","","","","","","","","","","","","","","","","","","","","","","","","","","","","","","","","","","","","","","","","","","","","","",""
"03980099999","1926-11-10T06:00:00","55.3666666","-7.3333333","25.0","MALIN HEAD, EI","FM-12","4","","","39","","","","","","","29.24","","12.43","","160","","15","","","","","","","","","","","","","","","","","","","","","","","","","","","","","","","","","","","","","","","","","","","","","","","","","","","","","","","","","","","","","","","","","","","","","","","","","","","","","","","","","","","","","","","","","","","","","","","","","","","","",""
"03980099999","1926-11-11T06:00:00","55.3666666","-7.3333333","25.0","MALIN HEAD, EI","FM-12","4","","","48","","","","","","","28.99","","12.43","","070","","15","","","","","","","","","","","","","","","","","","","","","","","","","","","","","","","","","","","","","","","","","","","","","","","","","","","","","","","","","","","","","","","","","","","","","","","","","","","","","","","","","","","","","","","","","","","","","","","","","","","","",""
"03980099999","1926-11-12T06:00:00","55.3666666","-7.3333333","25.0","MALIN HEAD, EI","FM-12","4","","","45","","","-0.04","3","","","","","6.21","","250","","10","","","","","","","","","","","","","","","","","","","","","","","","","","","","","","","","","","","","","","","","","","","","","","","","","","","","","","","","","","","","","","","","","","","","","","","","","","","","","","","","","","","","","","","","","","","","","","","","","","","","",""
"03980099999","1926-11-13T06:00:00","55.3666666","-7.3333333","25.0","MALIN HEAD, EI","FM-12","4","","","46","","||RA","0.04","9","","","28.85","","2.49","","230","","28","","","","","","","","","","","","","","","","","","","","","","","","","","","","","","","","","","","","","","","","","","","","","","","","","","","","","","","","","","","","","","","","","","","","","","","","","","","","","","","","","","","","","","","","","","","","","","","","","","","","",""
"03980099999","1926-11-15T06:00:00","55.3666666","-7.3333333","25.0","MALIN HEAD, EI","FM-12","4","","","45","","||SH","-0.04","3","","","29.59","","6.21","","270","","34","","","","","","","","","","","","","","","","","","","","","","","","","","","","","","","","","","","","","","","","","","","","","","","","","","","","","","","","","","","","","","","","","","","","","","","","","","","","","","","","","","","","","","","","","","","","","","","","","","","","",""
"03980099999","1926-11-16T06:00:00","55.3666666","-7.3333333","25.0","MALIN HEAD, EI","FM-12","4","","","43","","","","","","","30.06","","12.43","","200","","28","","","","","","","","","","","","","","","","","","","","","","","","","","","","","","","","","","","","","","","","","","","","","","","","","","","","","","","","","","","","","","","","","","","","","","","","","","","","","","","","","","","","","","","","","","","","","","","","","","","","",""
"03980099999","1926-11-18T06:00:00","55.3666666","-7.3333333","25.0","MALIN HEAD, EI","FM-12","4","","","41","","","","","","","29.24","","2.49","","090","","28","","","","","","","","","","","","","","","","","","","","","","","","","","","","","","","","","","","","","","","","","","","","","","","","","","","","","","","","","","","","","","","","","","","","","","","","","","","","","","","","","","","","","","","","","","","","","","","","","","","","",""
"03980099999","1926-11-20T06:00:00","55.3666666","-7.3333333","25.0","MALIN HEAD, EI","FM-12","4","","","43","","||RA","+0.04","8","","","28.32","","6.21","","160","","15","","","","","","","","","","","","","","","","","","","","","","","","","","","","","","","","","","","","","","","","","","","","","","","","","","","","","","","","","","","","","","","","","","","","","","","","","","","","","","","","","","","","","","","","","","","","","","","","","","","","",""
"03980099999","1926-11-22T06:00:00","55.3666666","-7.3333333","25.0","MALIN HEAD, EI","FM-12","4","","","48","","","-0.16s","3","","","29.27","","12.43","","340","","34","","","","","","","","","","","","","","","","","","","","","","","","","","","","","","","","","","","","","","","","","","","","","","","","","","","","","","","","","","","","","","","","","","","","","","","","","","","","","","","","","","","","","","","","","","","","","","","","","","","","",""
"03980099999","1926-11-24T06:00:00","55.3666666","-7.3333333","25.0","MALIN HEAD, EI","FM-12","4","","","43","","","-0.04","3","","","29.90","","12.43","","160","","10","","","","","","","","","","","","","","","","","","","","","","","","","","","","","","","","","","","","","","","","","","","","","","","","","","","","","","","","","","","","","","","","","","","","","","","","","","","","","","","","","","","","","","","","","","","","","","","","","","","","",""
"03980099999","1926-11-28T06:00:00","55.3666666","-7.3333333","25.0","MALIN HEAD, EI","FM-12","4","","","43","","","+0.04","8","","","29.67","","6.21","","140","","21","","","","","","","","","","","","","","","","","","","","","","","","","","","","","","","","","","","","","","","","","","","","","","","","","","","","","","","","","","","","","","","","","","","","","","","","","","","","","","","","","","","","","","","","","","","","","","","","","","","","",""
"03980099999","1926-12-01T06:00:00","55.3666666","-7.3333333","25.0","MALIN HEAD, EI","FM-12","4","","","37","","","+0.04","8","","","30.02","","12.43","","180","","15","","","","","","","","","","","","","","","","","","","","","","","","","","","","","","","","","","","","","","","","","","","","","","","","","","","","","","","","","","","","","","","","","","","","","","","","","","","","","","","","","","","","","","","","","","","","","","","","","","","","",""
"03980099999","1926-12-03T06:00:00","55.3666666","-7.3333333","25.0","MALIN HEAD, EI","FM-12","4","","","45","","","0.02","9","","","29.74","","6.21","","290","","28","","","","","","","","","","","","","","","","","","","","","","","","","","","","","","","","","","","","","","","","","","","","","","","","","","","","","","","","","","","","","","","","","","","","","","","","","","","","","","","","","","","","","","","","","","","","","","","","","","","","",""
"03980099999","1926-12-04T06:00:00","55.3666666","-7.3333333","25.0","MALIN HEAD, EI","FM-12","4","","","41","","||RA","0.00","4","","","29.88","","6.21","","110","","2","","","","","","","","","","","","","","","","","","","","","","","","","","","","","","","","","","","","","","","","","","","","","","","","","","","","","","","","","","","","","","","","","","","","","","","","","","","","","","","","","","","","","","","","","","","","","","","","","","","","",""
"03980099999","1926-12-06T06:00:00","55.3666666","-7.3333333","25.0","MALIN HEAD, EI","FM-12","4","","","48","","","-0.10","3","","","30.40","","12.43","","320","","10","","","","","","","","","","","","","","","","","","","","","","","","","","","","","","","","","","","","","","","","","","","","","","","","","","","","","","","","","","","","","","","","","","","","","","","","","","","","","","","","","","","","","","","","","","","","","","","","","","","","",""
"03980099999","1926-12-07T06:00:00","55.3666666","-7.3333333","25.0","MALIN HEAD, EI","FM-12","4","","","46","","","","","","","30.32","","12.43","","290","","21","","","","","","","","","","","","","","","","","","","","","","","","","","","","","","","","","","","","","","","","","","","","","","","","","","","","","","","","","","","","","","","","","","","","","","","","","","","","","","","","","","","","","","","","","","","","","","","","","","","","",""
"03980099999","1926-12-09T06:00:00","55.3666666","-7.3333333","25.0","MALIN HEAD, EI","FM-12","4","","","50","","","","","","","30.39","","6.21","","230","","34","","","","","","","","","","","","","","","","","","","","","","","","","","","","","","","","","","","","","","","","","","","","","","","","","","","","","","","","","","","","","","","","","","","","","","","","","","","","","","","","","","","","","","","","","","","","","","","","","","","","",""
"03980099999","1926-12-15T06:00:00","55.3666666","-7.3333333","25.0","MALIN HEAD, EI","FM-12","4","","","43","","||SH","+0.02","6","","","30.39","","12.43","","320","","15","","","","","","","","","","","","","","","","","","","","","","","","","","","","","","","","","","","","","","","","","","","","","","","","","","","","","","","","","","","","","","","","","","","","","","","","","","","","","","","","","","","","","","","","","","","","","","","","","","","","",""
"03980099999","1926-12-16T06:00:00","55.3666666","-7.3333333","25.0","MALIN HEAD, EI","FM-12","4","","","46","","||DZ","+0.10","8","","","30.16","","6.21","","270","","28","","","","","","","","","","","","","","","","","","","","","","","","","","","","","","","","","","","","","","","","","","","","","","","","","","","","","","","","","","","","","","","","","","","","","","","","","","","","","","","","","","","","","","","","","","","","","","","","","","","","",""
"03980099999","1926-12-17T06:00:00","55.3666666","-7.3333333","25.0","MALIN HEAD, EI","FM-12","4","","","48","","||DZ","+0.12","8","","","29.80","","2.49","","250","","34","","","","","","","","","","","","","","","","","","","","","","","","","","","","","","","","","","","","","","","","","","","","","","","","","","","","","","","","","","","","","","","","","","","","","","","","","","","","","","","","","","","","","","","","","","","","","","","","","","","","",""
"03980099999","1926-12-19T06:00:00","55.3666666","-7.3333333","25.0","MALIN HEAD, EI","FM-12","4","","","46","","","-0.04","3","","","30.00","","6.21","","290","","15","","","","","","","","","","","","","","","","","","","","","","","","","","","","","","","","","","","","","","","","","","","","","","","","","","","","","","","","","","","","","","","","","","","","","","","","","","","","","","","","","","","","","","","","","","","","","","","","","","","","",""
"03980099999","1926-12-20T06:00:00","55.3666666","-7.3333333","25.0","MALIN HEAD, EI","FM-12","4","","","46","","||SHRA","-0.08","3","","","30.18","","12.43","","320","","28","","","","","","","","","","","","","","","","","","","","","","","","","","","","","","","","","","","","","","","","","","","","","","","","","","","","","","","","","","","","","","","","","","","","","","","","","","","","","","","","","","","","","","","","","","","","","","","","","","","","",""
"03980099999","1926-12-23T06:00:00","55.3666666","-7.3333333","25.0","MALIN HEAD, EI","FM-12","4","","","36","","","-0.02","3","","","30.82","","12.43","","160","","10","","","","","","","","","","","","","","","","","","","","","","","","","","","","","","","","","","","","","","","","","","","","","","","","","","","","","","","","","","","","","","","","","","","","","","","","","","","","","","","","","","","","","","","","","","","","","","","","","","","","",""
"03980099999","1926-12-26T06:00:00","55.3666666","-7.3333333","25.0","MALIN HEAD, EI","FM-12","4","","","37","","","0.02","9","","","30.85","","12.43","","160","","2","","","","","","","","","","","","","","","","","","","","","","","","","","","","","","","","","","","","","","","","","","","","","","","","","","","","","","","","","","","","","","","","","","","","","","","","","","","","","","","","","","","","","","","","","","","","","","","","","","","","",""
"03980099999","1926-12-29T06:00:00","55.3666666","-7.3333333","25.0","MALIN HEAD, EI","FM-12","4","","","118","","","-0.08","3","","","28.42","","12.43","","320","","15","","","","","","","","","","","","","","","","","","","","","","","","","","","","","","","","","","","","","","","","","","","","","","","","","","","","","","","","","","","","","","","","","","","","","","","","","","","","","","","","","","","","","","","","","","","","","","","","","","","","",""
"03980099999","1926-12-31T06:00:00","55.3666666","-7.3333333","25.0","MALIN HEAD, EI","FM-12","4","","","45","","","-0.02","3","","","30.10","","12.43","","290","","15","","","","","","","","","","","","","","","","","","","","","","","","","","","","","","","","","","","","","","","","","","","","","","","","","","","","","","","","","","","","","","","","","","","","","","","","","","","","","","","","","","","","","","","","","","","","","","","","","","","","",""
