"STATION","DATE","LATITUDE","LONGITUDE","ELEVATION","NAME","REPORT_TYPE","SOURCE","HourlyAltimeterSetting","HourlyDewPointTemperature","HourlyDryBulbTemperature","HourlyPrecipitation","HourlyPresentWeatherType","HourlyPressureChange","HourlyPressureTendency","HourlyRelativeHumidity","HourlySkyConditions","HourlySeaLevelPressure","HourlyStationPressure","HourlyVisibility","HourlyWetBulbTemperature","HourlyWindDirection","HourlyWindGustSpeed","HourlyWindSpeed","Sunrise","Sunset","DailyAverageDewPointTemperature","DailyAverageDryBulbTemperature","DailyAverageRelativeHumidity","DailyAverageSeaLevelPressure","DailyAverageStationPressure","DailyAverageWetBulbTemperature","DailyAverageWindSpeed","DailyCoolingDegreeDays","DailyDepartureFromNormalAverageTemperature","DailyHeatingDegreeDays","DailyMaximumDryBulbTemperature","DailyMinimumDryBulbTemperature","DailyPeakWindDirection","DailyPeakWindSpeed","DailyPrecipitation","DailySnowDepth","DailySnowfall","DailySustainedWindDirection","DailySustainedWindSpeed","DailyWeather","MonthlyAverageRH","MonthlyDaysWithGT001Precip","MonthlyDaysWithGT010Precip","MonthlyDaysWithGT32Temp","MonthlyDaysWithGT90Temp","MonthlyDaysWithLT0Temp","MonthlyDaysWithLT32Temp","MonthlyDepartureFromNormalAverageTemperature","MonthlyDepartureFromNormalCoolingDegreeDays","MonthlyDepartureFromNormalHeatingDegreeDays","MonthlyDepartureFromNormalMaximumTemperature","MonthlyDepartureFromNormalMinimumTemperature","MonthlyDepartureFromNormalPrecipitation","MonthlyDewpointTemperature","MonthlyGreatestPrecip","MonthlyGreatestPrecipDate","MonthlyGreatestSnowDepth","MonthlyGreatestSnowDepthDate","MonthlyGreatestSnowfall","MonthlyGreatestSnowfallDate","MonthlyMaxSeaLevelPressureValue","MonthlyMaxSeaLevelPressureValueDate","MonthlyMaxSeaLevelPressureValueTime","MonthlyMaximumTemperature","MonthlyMeanTemperature","MonthlyMinSeaLevelPressureValue","MonthlyMinSeaLevelPressureValueDate","MonthlyMinSeaLevelPressureValueTime","MonthlyMinimumTemperature","MonthlySeaLevelPressure","MonthlyStationPressure","MonthlyTotalLiquidPrecipitation","MonthlyTotalSnowfall","MonthlyWetBulb","AWND","CDSD","CLDD","DSNW","HDSD","HTDD","DYTS","DYHF","NormalsCoolingDegreeDay","NormalsHeatingDegreeDay","ShortDurationEndDate005","ShortDurationEndDate010","ShortDurationEndDate015","ShortDurationEndDate020","ShortDurationEndDate030","ShortDurationEndDate045","ShortDurationEndDate060","ShortDurationEndDate080","ShortDurationEndDate100","ShortDurationEndDate120","ShortDurationEndDate150","ShortDurationEndDate180","ShortDurationPrecipitationValue005","ShortDurationPrecipitationValue010","ShortDurationPrecipitationValue015","ShortDurationPrecipitationValue020","ShortDurationPrecipitationValue030","ShortDurationPrecipitationValue045","ShortDurationPrecipitationValue060","ShortDurationPrecipitationValue080","ShortDurationPrecipitationValue100","ShortDurationPrecipitationValue120","ShortDurationPrecipitationValue150","ShortDurationPrecipitationValue180","REM","BackupDirection","BackupDistance","BackupDistanceUnit","BackupElements","BackupElevation","BackupEquipment","BackupLatitude","BackupLongitude","BackupName","WindEquipmentChangeDate"
"53478099999","2000-01-01T05:00:00","40.167","112.333","1212.0","YOU YU, CH","FM-12","4","","3","12","","","-0.01","2","68","CLR:00","30.19","","12.43","","000","","0","","","","","","","","","","","","","","","","","","","","","","","","","","","","","","","","","","","","","","","","","","","","","","","","","","","","","","","","","","","","","","","","","","","","","","","","","","","","","","","","","","","","","","","","","","","SYN054AAXX  31211 53478 42970 00000 11112 21160 40223 52003;","","","","","","","","","",""
"53478099999","2000-01-01T17:00:00","40.167","112.333","1212.0","YOU YU, CH","FM-12","4","","21","26","","","-0.03","2","79","","30.29","","9.32","","270","","20","","","","","","","","","","","","","","","","","","","","","","","","","","","","","","","","","","","","","","","","","","","","","","","","","","","","","","","","","","","","","","","","","","","","","","","","","","","","","","","","","","","","","","","","","","","SYN066AAXX  01091 53478 41665 72709 11031 21062 40258 52009 70080 874//;","","","","","","","","","",""
"53478099999","2000-01-02T05:00:00","40.167","112.333","1212.0","YOU YU, CH","FM-12","4","","-1","6","","","+0.02","7","74","CLR:00","30.68","","12.43","","140","","4","","","","","","","","","","","","","","","","","","","","","","","","","","","","","","","","","","","","","","","","","","","","","","","","","","","","","","","","","","","","","","","","","","","","","","","","","","","","","","","","","","","","","","","","","","","SYN064AAXX  01211 53478 4/970 01402 11145 21182 4039/ 57008 333 79999;","","","","","","","","","",""
"53478099999","2000-01-02T17:00:00","40.167","112.333","1212.0","YOU YU, CH","FM-12","4","","10","22","","","0.00","4","59","","30.24","","12.43","","340","","7","","","","","","","","","","","","","","","","","","","","","","","","","","","","","","","","","","","","","","","","","","","","","","","","","","","","","","","","","","","","","","","","","","","","","","","","","","","","","","","","","","","","","","","","","","","SYN054AAXX  02091 53478 42970 /3403 11054 21123 40240 54000;","","","","","","","","","",""
"53478099999","2000-01-03T05:00:00","40.167","112.333","1212.0","YOU YU, CH","FM-12","4","","-1","4","","","+0.02","7","79","CLR:00","30.20","","12.43","","000","","0","","","","","","","","","","","","","","","","","","","","","","","","","","","","","","","","","","","","","","","","","","","","","","","","","","","","","","","","","","","","","","","","","","","","","","","","","","","","","","","","","","","","","","","","","","","SYN054AAXX  02211 53478 42970 00000 11154 21182 40226 57008;","","","","","","","","","",""
"53478099999","2000-01-03T17:00:00","40.167","112.333","1212.0","YOU YU, CH","FM-12","4","","14","33","","","-0.04","2","46","","30.12","","15.53","","270","","7","","","","","","","","","","","","","","","","","","","","","","","","","","","","","","","","","","","","","","","","","","","","","","","","","","","","","","","","","","","","","","","","","","","","","","","","","","","","","","","","","","","","","","","","","","","SYN060AAXX  03091 53478 42775 72703 10003 21101 40201 52013 875//;","","","","","","","","","",""
"53478099999","2000-01-04T05:00:00","40.167","112.333","1212.0","YOU YU, CH","FM-12","4","","7","9","","","+0.01","7","90","CLR:00","30.14","","12.43","","000","","0","","","","","","","","","","","","","","","","","","","","","","","","","","","","","","","","","","","","","","","","","","","","","","","","","","","","","","","","","","","","","","","","","","","","","","","","","","","","","","","","","","","","","","","","","","","SYN054AAXX  03211 53478 42970 00000 11127 21140 40207 57004;","","","","","","","","","",""
"53478099999","2000-01-04T17:00:00","40.167","112.333","1212.0","YOU YU, CH","FM-12","4","","16","29","","","-0.05","2","58","","30.22","","12.43","","270","","2","","","","","","","","","","","","","","","","","","","","","","","","","","","","","","","","","","","","","","","","","","","","","","","","","","","","","","","","","","","","","","","","","","","","","","","","","","","","","","","","","","","","","","","","","","","SYN060AAXX  04091 53478 42970 62701 11018 21091 40233 52017 80002;","","","","","","","","","",""
"53478099999","2000-01-05T05:00:00","40.167","112.333","1212.0","YOU YU, CH","FM-12","4","","9","13","","","+0.03","7","81","","30.15","","12.43","","070","","2","","","","","","","","","","","","","","","","","","","","","","","","","","","","","","","","","","","","","","","","","","","","","","","","","","","","","","","","","","","","","","","","","","","","","","","","","","","","","","","","","","","","","","","","","","","SYN060AAXX  04211 53478 42970 70701 11104 21130 40211 57009 80002;","","","","","","","","","",""
"53478099999","2000-01-05T17:00:00","40.167","112.333","1212.0","YOU YU, CH","FM-12","4","","2","15","","","-0.04","2","58","","30.35","","15.53","","270","","11","","","","","","","","","","","","","","","","","","","","","","","","","","","","","","","","","","","","","","","","","","","","","","","","","","","","","","","","","","","","","","","","","","","","","","","","","","","","","","","","","","","","","","","","","","","SYN060AAXX  05091 53478 42975 72705 11095 21164 40276 52012 80002;","","","","","","","","","",""
"53478099999","2000-01-06T05:00:00","40.167","112.333","1212.0","YOU YU, CH","FM-12","4","","-15","-7","","","+0.00","7","70","CLR:00","30.55","","15.53","","290","","4","","","","","","","","","","","","","","","","","","","","","","","","","","","","","","","","","","","","","","","","","","","","","","","","","","","","","","","","","","","","","","","","","","","","","","","","","","","","","","","","","","","","","","","","","","","SYN064AAXX  05211 53478 42975 02902 11219 21260 40344 57001 333 70003;","","","","","","","","","",""
"53478099999","2000-01-06T17:00:00","40.167","112.333","1212.0","YOU YU, CH","FM-12","4","","-17","-3","","","-0.03","2","50","","30.68","","12.43","","290","","20","","","","","","","","","","","","","","","","","","","","","","","","","","","","","","","","","","","","","","","","","","","","","","","","","","","","","","","","","","","","","","","","","","","","","","","","","","","","","","","","","","","","","","","","","","","SYN060AAXX  06091 53478 42970 32909 11194 21272 40391 52011 80002;","","","","","","","","","",""
"53478099999","2000-01-07T05:00:00","40.167","112.333","1212.0","YOU YU, CH","FM-12","4","","-25","-19","","","+0.03","7","74","CLR:00","30.73","","12.43","","000","","0","","","","","","","","","","","","","","","","","","","","","","","","","","","","","","","","","","","","","","","","","","","","","","","","","","","","","","","","","","","","","","","","","","","","","","","","","","","","","","","","","","","","","","","","","","","SYN054AAXX  06211 53478 42970 00000 11285 21317 40408 57009;","","","","","","","","","",""
"53478099999","2000-01-07T17:00:00","40.167","112.333","1212.0","YOU YU, CH","FM-12","4","","","","","","+0.02","7","","","30.47","","15.53","","340","","7","","","","","","","","","","","","","","","","","","","","","","","","","","","","","","","","","","","","","","","","","","","","","","","","","","","","","","","","","","","","","","","","","","","","","","","","","","","","","","","","","","","","","","","","","","","SYN060AAXX  07091 53478 /2975 63403 18848 21234 40318 57008 86030;","","","","","","","","","",""
"53478099999","2000-01-08T05:00:00","40.167","112.333","1212.0","YOU YU, CH","FM-12","4","","-17","-12","","","+0.01","7","79","CLR:00","30.44","","12.43","","000","","0","","","","","","","","","","","","","","","","","","","","","","","","","","","","","","","","","","","","","","","","","","","","","","","","","","","","","","","","","","","","","","","","","","","","","","","","","","","","","","","","","","","","","","","","","","","SYN054AAXX  07211 53478 42970 00000 11245 21271 40308 57003;","","","","","","","","","",""
"53478099999","2000-01-08T17:00:00","40.167","112.333","1212.0","YOU YU, CH","FM-12","4","","7","27","","","0.00","4","42","CLR:00","30.24","","18.64","","270","","7","","","","","","","","","","","","","","","","","","","","","","","","","","","","","","","","","","","","","","","","","","","","","","","","","","","","","","","","","","","","","","","","","","","","","","","","","","","","","","","","","","","","","","","","","","","SYN054AAXX  08091 53478 42980 02703 11026 21140 40241 54000;","","","","","","","","","",""
"53478099999","2000-01-09T17:00:00","40.167","112.333","1212.0","YOU YU, CH","FM-12","4","","6","25","","","-0.04","2","43","CLR:00","30.31","","18.02","","270","","7","","","","","","","","","","","","","","","","","","","","","","","","","","","","","","","","","","","","","","","","","","","","","","","","","","","","","","","","","","","","","","","","","","","","","","","","","","","","","","","","","","","","","","","","","","","SYN054AAXX  09091 53478 42979 02703 11038 21146 40263 52015;","","","","","","","","","",""
"53478099999","2000-01-10T17:00:00","40.167","112.333","1212.0","YOU YU, CH","FM-12","4","","5","29","","","-0.02","2","35","","30.40","","9.32","","090","","9","","","","","","","","","","","","","","","","","","","","","","","","","","","","","","","","","","","","","","","","","","","","","","","","","","","","","","","","","","","","","","","","","","","","","","","","","","","","","","","","","","","","","","","","","","","SYN060AAXX  10091 53478 42965 70904 11016 21152 40293 52007 80002;","","","","","","","","","",""
"53478099999","2000-01-11T05:00:00","40.167","112.333","1212.0","YOU YU, CH","FM-12","4","","18","20","","","+0.03","7","91","","30.26","","4.35","","090","","4","","","","","","","","","","","","","","","","","","","","","","","","","","","","","","","","","","","","","","","","","","","","","","","","","","","","","","","","","","","","","","","","","","","","","","","","","","","","","","","","","","","","","","","","","","","SYN076AAXX  10211 53478 41957 80902 11068 21080 40247 57009 77077 8802/ 333 70029;","","","","","","","","","",""
"53478099999","2000-01-11T17:00:00","40.167","112.333","1212.0","YOU YU, CH","FM-12","4","","21","25","","","-0.01","2","85","","30.24","","9.32","","000","","0","","","","","","","","","","","","","","","","","","","","","","","","","","","","","","","","","","","","","","","","","","","","","","","","","","","","","","","","","","","","","","","","","","","","","","","","","","","","","","","","","","","","","","","","","","","SYN066AAXX  11091 53478 41965 80000 11039 21061 40242 52003 71007 8802/;","","","","","","","","","",""
"53478099999","2000-01-12T05:00:00","40.167","112.333","1212.0","YOU YU, CH","FM-12","4","","10","13","","","+0.02","7","88","","30.32","","12.43","","000","","0","","","","","","","","","","","","","","","","","","","","","","","","","","","","","","","","","","","","","","","","","","","","","","","","","","","","","","","","","","","","","","","","","","","","","","","","","","","","","","","","","","","","","","","","","","","SYN070AAXX  11211 53478 42770 60000 11108 21124 40266 57006 86500 333 70010;","","","","","","","","","",""
"53478099999","2000-01-12T17:00:00","40.167","112.333","1212.0","YOU YU, CH","FM-12","4","","3","9","","","-0.04","2","75","","30.43","","12.43","","290","","7","","","","","","","","","","","","","","","","","","","","","","","","","","","","","","","","","","","","","","","","","","","","","","","","","","","","","","","","","","","","","","","","","","","","","","","","","","","","","","","","","","","","","","","","","","","SYN060AAXX  12091 53478 42970 22903 11128 21163 40304 52012 80002;","","","","","","","","","",""
"53478099999","2000-01-13T05:00:00","40.167","112.333","1212.0","YOU YU, CH","FM-12","4","","-24","-21","","","+0.02","7","86","CLR:00","30.61","","12.43","","000","","0","","","","","","","","","","","","","","","","","","","","","","","","","","","","","","","","","","","","","","","","","","","","","","","","","","","","","","","","","","","","","","","","","","","","","","","","","","","","","","","","","","","","","","","","","","","SYN054AAXX  12211 53478 42970 00000 11296 21312 40365 57007;","","","","","","","","","",""
"53478099999","2000-01-13T17:00:00","40.167","112.333","1212.0","YOU YU, CH","FM-12","4","","5","12","","","+0.01","7","73","","30.52","","12.43","","320","","4","","","","","","","","","","","","","","","","","","","","","","","","","","","","","","","","","","","","","","","","","","","","","","","","","","","","","","","","","","","","","","","","","","","","","","","","","","","","","","","","","","","","","","","","","","","SYN060AAXX  13091 53478 42970 23202 11111 21151 40335 57002 80002;","","","","","","","","","",""
"53478099999","2000-01-14T05:00:00","40.167","112.333","1212.0","YOU YU, CH","FM-12","4","","-2","0","","","-0.01","2","90","","30.44","","12.43","","000","","0","","","","","","","","","","","","","","","","","","","","","","","","","","","","","","","","","","","","","","","","","","","","","","","","","","","","","","","","","","","","","","","","","","","","","","","","","","","","","","","","","","","","","","","","","","","SYN074    AAXX  13211 53478 42770 70000 11179 21191 40309 52002 875// 333 79999;","","","","","","","","","",""
"53478099999","2000-01-14T17:00:00","40.167","112.333","1212.0","YOU YU, CH","FM-12","4","","7","15","","","+0.01","7","72","CLR:00","30.41","","15.53","","070","","2","","","","","","","","","","","","","","","","","","","","","","","","","","","","","","","","","","","","","","","","","","","","","","","","","","","","","","","","","","","","","","","","","","","","","","","","","","","","","","","","","","","","","","","","","","","SYN058    AAXX  14091 53478 42975 00701 11097 21138 40298 57003;","","","","","","","","","",""
"53478099999","2000-01-15T05:00:00","40.167","112.333","1212.0","YOU YU, CH","FM-12","4","","1","4","","","+0.01","7","88","","30.45","","12.43","","110","","4","","","","","","","","","","","","","","","","","","","","","","","","","","","","","","","","","","","","","","","","","","","","","","","","","","","","","","","","","","","","","","","","","","","","","","","","","","","","","","","","","","","","","","","","","","","SYN074    AAXX  14211 53478 42770 51102 11157 21172 40313 57004 85500 333 79999;","","","","","","","","","",""
"53478099999","2000-01-15T17:00:00","40.167","112.333","1212.0","YOU YU, CH","FM-12","4","","8","19","","","-0.03","2","64","CLR:00","30.48","","15.53","","000","","0","","","","","","","","","","","","","","","","","","","","","","","","","","","","","","","","","","","","","","","","","","","","","","","","","","","","","","","","","","","","","","","","","","","","","","","","","","","","","","","","","","","","","","","","","","","SYN058    AAXX  15091 53478 42975 00000 11073 21131 40321 52011;","","","","","","","","","",""
"53478099999","2000-01-16T05:00:00","40.167","112.333","1212.0","YOU YU, CH","FM-12","4","","-15","-13","","","0.00","4","91","CLR:00","30.68","","12.43","","000","","0","","","","","","","","","","","","","","","","","","","","","","","","","","","","","","","","","","","","","","","","","","","","","","","","","","","","","","","","","","","","","","","","","","","","","","","","","","","","","","","","","","","","","","","","","","","SYN058    AAXX  15211 53478 42970 00000 11252 21263 40389 54000;","","","","","","","","","",""
"53478099999","2000-01-16T17:00:00","40.167","112.333","1212.0","YOU YU, CH","FM-12","4","","7","17","","","-0.01","2","64","","30.67","","12.43","","290","","9","","","","","","","","","","","","","","","","","","","","","","","","","","","","","","","","","","","","","","","","","","","","","","","","","","","","","","","","","","","","","","","","","","","","","","","","","","","","","","","","","","","","","","","","","","","SYN064    AAXX  16091 53478 42970 22904 11083 21140 40386 52002 80002;","","","","","","","","","",""
"53478099999","2000-01-17T17:00:00","40.167","112.333","1212.0","YOU YU, CH","FM-12","4","","4","19","","","-0.02","2","51","CLR:00","30.59","","12.43","","290","","7","","","","","","","","","","","","","","","","","","","","","","","","","","","","","","","","","","","","","","","","","","","","","","","","","","","","","","","","","","","","","","","","","","","","","","","","","","","","","","","","","","","","","","","","","","","SYN058    AAXX  17091 53478 42970 02903 11071 21157 40359 52006;","","","","","","","","","",""
"53478099999","2000-01-18T05:00:00","40.167","112.333","1212.0","YOU YU, CH","FM-12","4","","-10","-8","","","-0.01","2","91","CLR:00","30.60","","12.43","","270","","2","","","","","","","","","","","","","","","","","","","","","","","","","","","","","","","","","","","","","","","","","","","","","","","","","","","","","","","","","","","","","","","","","","","","","","","","","","","","","","","","","","","","","","","","","","","SYN058    AAXX  17211 53478 42970 02701 11220 21231 40362 52002;","","","","","","","","","",""
"53478099999","2000-01-18T17:00:00","40.167","112.333","1212.0","YOU YU, CH","FM-12","4","","-3","7","","","-0.03","2","64","CLR:00","30.77","","12.43","","290","","11","","","","","","","","","","","","","","","","","","","","","","","","","","","","","","","","","","","","","","","","","","","","","","","","","","","","","","","","","","","","","","","","","","","","","","","","","","","","","","","","","","","","","","","","","","","SYN058    AAXX  18091 53478 42970 02905 11140 21194 40421 52011;","","","","","","","","","",""
"53478099999","2000-01-19T05:00:00","40.167","112.333","1212.0","YOU YU, CH","FM-12","4","","-21","-19","","","+0.03","7","88","CLR:00","30.78","","12.43","","000","","0","","","","","","","","","","","","","","","","","","","","","","","","","","","","","","","","","","","","","","","","","","","","","","","","","","","","","","","","","","","","","","","","","","","","","","","","","","","","","","","","","","","","","","","","","","","SYN058    AAXX  18211 53478 42970 00000 11282 21296 40422 57010;","","","","","","","","","",""
"53478099999","2000-01-19T17:00:00","40.167","112.333","1212.0","YOU YU, CH","FM-12","4","","-8","10","","","-0.02","0","44","CLR:00","30.70","","18.64","","290","","7","","","","","","","","","","","","","","","","","","","","","","","","","","","","","","","","","","","","","","","","","","","","","","","","","","","","","","","","","","","","","","","","","","","","","","","","","","","","","","","","","","","","","","","","","","","SYN058    AAXX  19091 53478 42980 02903 11120 21220 40397 50006;","","","","","","","","","",""
"53478099999","2000-01-20T05:00:00","40.167","112.333","1212.0","YOU YU, CH","FM-12","4","","-21","-18","","","+0.01","7","86","CLR:00","30.78","","15.53","","000","","0","","","","","","","","","","","","","","","","","","","","","","","","","","","","","","","","","","","","","","","","","","","","","","","","","","","","","","","","","","","","","","","","","","","","","","","","","","","","","","","","","","","","","","","","","","","SYN054AAXX  19211 53478 42975 00000 11278 21294 40423 57004;","","","","","","","","","",""
"53478099999","2000-01-20T17:00:00","40.167","112.333","1212.0","YOU YU, CH","FM-12","4","","","19","","","-0.00","2","","CLR:00","","","15.53","","340","","4","","","","","","","","","","","","","","","","","","","","","","","","","","","","","","","","","","","","","","","","","","","","","","","","","","","","","","","","","","","","","","","","","","","","","","","","","","","","","","","","","","","","","","","","","","","SYN048AAXX  20091 53478 42975 03402 11072 40715 52001;","","","","","","","","","",""
"53478099999","2000-01-21T05:00:00","40.167","112.333","1212.0","YOU YU, CH","FM-12","4","","-10","-7","","","+0.05","7","86","","30.67","","12.43","","000","","0","","","","","","","","","","","","","","","","","","","","","","","","","","","","","","","","","","","","","","","","","","","","","","","","","","","","","","","","","","","","","","","","","","","","","","","","","","","","","","","","","","","","","","","","","","","SYN060AAXX  20211 53478 42970 70000 11217 21234 40387 57016 80002;","","","","","","","","","",""
"53478099999","2000-01-21T17:00:00","40.167","112.333","1212.0","YOU YU, CH","FM-12","4","","16","19","","","+0.04","7","91","","30.53","","9.32","","160","","4","","","","","","","","","","","","","","","","","","","","","","","","","","","","","","","","","","","","","","","","","","","","","","","","","","","","","","","","","","","","","","","","","","","","","","","","","","","","","","","","","","","","","","","","","","","SYN066AAXX  21091 53478 41965 81602 11074 21087 40340 57013 77077 8802/;","","","","","","","","","",""
"53478099999","2000-01-22T05:00:00","40.167","112.333","1212.0","YOU YU, CH","FM-12","4","","11","12","","","+0.02","7","93","","30.34","","9.32","","000","","0","","","","","","","","","","","","","","","","","","","","","","","","","","","","","","","","","","","","","","","","","","","","","","","","","","","","","","","","","","","","","","","","","","","","","","","","","","","","","","","","","","","","","","","","","","","SYN076AAXX  21211 53478 41965 80000 11109 21118 40275 57006 77070 8802/ 333 70021;","","","","","","","","","",""
"53478099999","2000-01-22T17:00:00","40.167","112.333","1212.0","YOU YU, CH","FM-12","4","","11","16","","","-0.04","2","80","","30.41","","9.32","","340","","7","","","","","","","","","","","","","","","","","","","","","","","","","","","","","","","","","","","","","","","","","","","","","","","","","","","","","","","","","","","","","","","","","","","","","","","","","","","","","","","","","","","","","","","","","","","SYN060AAXX  22091 53478 42765 73403 11087 21115 40299 52014 875//;","","","","","","","","","",""
"53478099999","2000-01-23T05:00:00","40.167","112.333","1212.0","YOU YU, CH","FM-12","4","","3","5","","","-0.01","2","91","","30.55","","9.32","","000","","0","","","","","","","","","","","","","","","","","","","","","","","","","","","","","","","","","","","","","","","","","","","","","","","","","","","","","","","","","","","","","","","","","","","","","","","","","","","","","","","","","","","","","","","","","","","SYN076AAXX  22211 53478 41765 70000 11151 21163 40345 52004 77077 875// 333 70003;","","","","","","","","","",""
"53478099999","2000-01-24T05:00:00","40.167","112.333","1212.0","YOU YU, CH","FM-12","4","","-27","-23","","","-0.02","2","84","","31.10","","12.43","","000","","0","","","","","","","","","","","","","","","","","","","","","","","","","","","","","","","","","","","","","","","","","","","","","","","","","","","","","","","","","","","","","","","","","","","","","","","","","","","","","","","","","","","","","","","","","","","SYN070AAXX  23211 53478 42970 40000 11307 21325 40532 52007 80002 333 79999;","","","","","","","","","",""
"53478099999","2000-01-24T17:00:00","40.167","112.333","1212.0","YOU YU, CH","FM-12","4","","-13","-1","","","-0.01","2","58","CLR:00","31.18","","18.64","","070","","7","","","","","","","","","","","","","","","","","","","","","","","","","","","","","","","","","","","","","","","","","","","","","","","","","","","","","","","","","","","","","","","","","","","","","","","","","","","","","","","","","","","","","","","","","","","SYN054AAXX  24091 53478 42980 00703 11186 21248 40559 52003;","","","","","","","","","",""
"53478099999","2000-01-25T05:00:00","40.167","112.333","1212.0","YOU YU, CH","FM-12","4","","-34","-31","","","-0.01","2","86","CLR:00","31.28","","18.64","","000","","0","","","","","","","","","","","","","","","","","","","","","","","","","","","","","","","","","","","","","","","","","","","","","","","","","","","","","","","","","","","","","","","","","","","","","","","","","","","","","","","","","","","","","","","","","","","SYN054AAXX  24211 53478 42980 00000 11349 21364 40591 52003;","","","","","","","","","",""
"53478099999","2000-01-25T17:00:00","40.167","112.333","1212.0","YOU YU, CH","FM-12","4","","-7","2","","","-0.03","2","65","CLR:00","31.27","","15.53","","340","","4","","","","","","","","","","","","","","","","","","","","","","","","","","","","","","","","","","","","","","","","","","","","","","","","","","","","","","","","","","","","","","","","","","","","","","","","","","","","","","","","","","","","","","","","","","","SYN054AAXX  25091 53478 42975 03402 11169 21219 40590 52011;","","","","","","","","","",""
"53478099999","2000-01-26T05:00:00","40.167","112.333","1212.0","YOU YU, CH","FM-12","4","","-28","-25","","","+0.02","7","85","CLR:00","31.28","","15.53","","000","","0","","","","","","","","","","","","","","","","","","","","","","","","","","","","","","","","","","","","","","","","","","","","","","","","","","","","","","","","","","","","","","","","","","","","","","","","","","","","","","","","","","","","","","","","","","","SYN054AAXX  25211 53478 42975 00000 11314 21331 40593 57007;","","","","","","","","","",""
"53478099999","2000-01-26T17:00:00","40.167","112.333","1212.0","YOU YU, CH","FM-12","4","","-8","7","","","+0.00","7","49","CLR:00","31.20","","18.64","","320","","2","","","","","","","","","","","","","","","","","","","","","","","","","","","","","","","","","","","","","","","","","","","","","","","","","","","","","","","","","","","","","","","","","","","","","","","","","","","","","","","","","","","","","","","","","","","SYN054AAXX  26091 53478 42980 03201 11138 21222 40564 57001;","","","","","","","","","",""
"53478099999","2000-01-27T05:00:00","40.167","112.333","1212.0","YOU YU, CH","FM-12","4","","-30","-27","","","+0.03","7","86","CLR:00","31.16","","15.53","","000","","0","","","","","","","","","","","","","","","","","","","","","","","","","","","","","","","","","","","","","","","","","","","","","","","","","","","","","","","","","","","","","","","","","","","","","","","","","","","","","","","","","","","","","","","","","","","SYN054AAXX  26211 53478 42975 00000 11330 21345 40553 57010;","","","","","","","","","",""
"53478099999","2000-01-27T17:00:00","40.167","112.333","1212.0","YOU YU, CH","FM-12","4","","-2","11","","","+0.02","7","55","CLR:00","30.96","","18.64","","320","","7","","","","","","","","","","","","","","","","","","","","","","","","","","","","","","","","","","","","","","","","","","","","","","","","","","","","","","","","","","","","","","","","","","","","","","","","","","","","","","","","","","","","","","","","","","","SYN054AAXX  27091 53478 42980 03203 11117 21191 40484 57007;","","","","","","","","","",""
"53478099999","2000-01-28T05:00:00","40.167","112.333","1212.0","YOU YU, CH","FM-12","4","","-27","-24","","","+0.03","7","87","CLR:00","30.87","","12.43","","000","","0","","","","","","","","","","","","","","","","","","","","","","","","","","","","","","","","","","","","","","","","","","","","","","","","","","","","","","","","","","","","","","","","","","","","","","","","","","","","","","","","","","","","","","","","","","","SYN054AAXX  27211 53478 42970 00000 11311 21326 40454 57010;","","","","","","","","","",""
"53478099999","2000-01-28T17:00:00","40.167","112.333","1212.0","YOU YU, CH","FM-12","4","","0","11","","","-0.04","2","59","","30.86","","12.43","","320","","7","","","","","","","","","","","","","","","","","","","","","","","","","","","","","","","","","","","","","","","","","","","","","","","","","","","","","","","","","","","","","","","","","","","","","","","","","","","","","","","","","","","","","","","","","","","SYN060AAXX  28091 53478 42970 63203 11115 21179 40450 52012 80002;","","","","","","","","","",""
"53478099999","2000-01-29T17:00:00","40.167","112.333","1212.0","YOU YU, CH","FM-12","4","","-9","1","","","-0.04","2","63","CLR:00","31.10","","15.53","","290","","11","","","","","","","","","","","","","","","","","","","","","","","","","","","","","","","","","","","","","","","","","","","","","","","","","","","","","","","","","","","","","","","","","","","","","","","","","","","","","","","","","","","","","","","","","","","SYN054AAXX  29091 53478 42975 02905 11173 21227 40533 52014;","","","","","","","","","",""
"53478099999","2000-01-30T05:00:00","40.167","112.333","1212.0","YOU YU, CH","FM-12","4","","-28","-25","","","","","86","CLR:00","31.21","","15.53","","000","","0","","","","","","","","","","","","","","","","","","","","","","","","","","","","","","","","","","","","","","","","","","","","","","","","","","","","","","","","","","","","","","","","","","","","","","","","","","","","","","","","","","","","","","","","","","","SYN054AAXX  29211 53478 42975 00000 11315 21331 40570 5700/;","","","","","","","","","",""
"53478099999","2000-01-30T17:00:00","40.167","112.333","1212.0","YOU YU, CH","FM-12","4","","-8","2","","","-0.02","2","62","CLR:00","31.27","","15.53","","290","","7","","","","","","","","","","","","","","","","","","","","","","","","","","","","","","","","","","","","","","","","","","","","","","","","","","","","","","","","","","","","","","","","","","","","","","","","","","","","","","","","","","","","","","","","","","","SYN054AAXX  30091 53478 42975 02903 11165 21221 40590 52006;","","","","","","","","","",""
"53478099999","2000-01-31T05:00:00","40.167","112.333","1212.0","YOU YU, CH","FM-12","4","","-31","-28","","","+0.02","7","85","CLR:00","31.34","","15.53","","000","","0","","","","","","","","","","","","","","","","","","","","","","","","","","","","","","","","","","","","","","","","","","","","","","","","","","","","","","","","","","","","","","","","","","","","","","","","","","","","","","","","","","","","","","","","","","","SYN054AAXX  30211 53478 42975 00000 11332 21348 40614 57006;","","","","","","","","","",""
"53478099999","2000-01-31T17:00:00","40.167","112.333","1212.0","YOU YU, CH","FM-12","4","","-12","-1","","","+0.04","7","59","","31.17","","12.43","","090","","4","","","","","","","","","","","","","","","","","","","","","","","","","","","","","","","","","","","","","","","","","","","","","","","","","","","","","","","","","","","","","","","","","","","","","","","","","","","","","","","","","","","","","","","","","","","SYN060AAXX  31091 53478 42970 20902 11182 21243 40554 57014 80002;","","","","","","","","","",""
"53478099999","2000-02-01T05:00:00","40.167","112.333","1212.0","YOU YU, CH","FM-12","4","","-26","-23","","","+0.04","7","87","CLR:00","31.01","","12.43","","000","","0","","","","","","","","","","","","","","","","","","","","","","","","","","","","","","","","","","","","","","","","","","","","","","","","","","","","","","","","","","","","","","","","","","","","","","","","","","","","","","","","","","","","","","","","","","","SYN054AAXX  31211 53478 42970 00000 11308 21323 40501 57013;","","","","","","","","","",""
"53478099999","2000-02-01T17:00:00","40.167","112.333","1212.0","YOU YU, CH","FM-12","4","","-7","9","","","-0.02","2","47","CLR:00","30.80","","15.53","","340","","4","","","","","","","","","","","","","","","","","","","","","","","","","","","","","","","","","","","","","","","","","","","","","","","","","","","","","","","","","","","","","","","","","","","","","","","","","","","","","","","","","","","","","","","","","","","SYN054AAXX  01091 53478 42975 03402 11125 21216 40430 52006;","","","","","","","","","",""
"53478099999","2000-02-02T17:00:00","40.167","112.333","1212.0","YOU YU, CH","FM-12","4","","-5","7","","","","","57","CLR:00","30.79","","15.53","","320","","7","","","","","","","","","","","","","","","","","","","","","","","","","","","","","","","","","","","","","","","","","","","","","","","","","","","","","","","","","","","","","","","","","","","","","","","","","","","","","","","","","","","","","","","","","","","SYN054AAXX  02091 53478 42975 03203 11137 21204 40427 5878/;","","","","","","","","","",""
"53478099999","2000-02-03T17:00:00","40.167","112.333","1212.0","YOU YU, CH","FM-12","4","","-5","17","","","+0.05","7","36","CLR:00","30.76","","15.53","","000","","0","","","","","","","","","","","","","","","","","","","","","","","","","","","","","","","","","","","","","","","","","","","","","","","","","","","","","","","","","","","","","","","","","","","","","","","","","","","","","","","","","","","","","","","","","","","SYN054AAXX  03091 53478 42975 00000 11081 21206 40417 57017;","","","","","","","","","",""
"53478099999","2000-02-04T05:00:00","40.167","112.333","1212.0","YOU YU, CH","FM-12","4","","-25","-23","","","+0.01","7","90","CLR:00","30.76","","15.53","","000","","0","","","","","","","","","","","","","","","","","","","","","","","","","","","","","","","","","","","","","","","","","","","","","","","","","","","","","","","","","","","","","","","","","","","","","","","","","","","","","","","","","","","","","","","","","","","SYN054AAXX  03211 53478 42975 00000 11305 21316 40415 57003;","","","","","","","","","",""
"53478099999","2000-02-04T17:00:00","40.167","112.333","1212.0","YOU YU, CH","FM-12","4","","2","22","","","+0.03","7","43","","30.59","","12.43","","320","","7","","","","","","","","","","","","","","","","","","","","","","","","","","","","","","","","","","","","","","","","","","","","","","","","","","","","","","","","","","","","","","","","","","","","","","","","","","","","","","","","","","","","","","","","","","","SYN060AAXX  04091 53478 42970 23203 11058 21166 40359 57009 80002;","","","","","","","","","",""
"53478099999","2000-02-05T05:00:00","40.167","112.333","1212.0","YOU YU, CH","FM-12","4","","10","11","","","+0.04","7","95","","30.34","","9.32","","000","","0","","","","","","","","","","","","","","","","","","","","","","","","","","","","","","","","","","","","","","","","","","","","","","","","","","","","","","","","","","","","","","","","","","","","","","","","","","","","","","","","","","","","","","","","","","","SYN076AAXX  04211 53478 41965 80000 11115 21122 40274 57015 70070 8802/ 333 70002;","","","","","","","","","",""
"53478099999","2000-02-05T17:00:00","40.167","112.333","1212.0","YOU YU, CH","FM-12","4","","11","21","","","-0.01","2","64","CLR:00","30.36","","12.43","","290","","11","","","","","","","","","","","","","","","","","","","","","","","","","","","","","","","","","","","","","","","","","","","","","","","","","","","","","","","","","","","","","","","","","","","","","","","","","","","","","","","","","","","","","","","","","","","SYN054AAXX  05091 53478 42970 02905 11061 21119 40281 52003;","","","","","","","","","",""
"53478099999","2000-02-06T05:00:00","40.167","112.333","1212.0","YOU YU, CH","FM-12","4","","-12","-11","","","+0.02","7","96","CLR:00","30.51","","12.43","","000","","0","","","","","","","","","","","","","","","","","","","","","","","","","","","","","","","","","","","","","","","","","","","","","","","","","","","","","","","","","","","","","","","","","","","","","","","","","","","","","","","","","","","","","","","","","","","SYN054AAXX  05211 53478 42970 00000 11240 21245 40332 57008;","","","","","","","","","",""
"53478099999","2000-02-06T17:00:00","40.167","112.333","1212.0","YOU YU, CH","FM-12","4","","18","23","","","+0.01","7","83","","30.40","","12.43","","270","","7","","","","","","","","","","","","","","","","","","","","","","","","","","","","","","","","","","","","","","","","","","","","","","","","","","","","","","","","","","","","","","","","","","","","","","","","","","","","","","","","","","","","","","","","","","","SYN066AAXX  06091 53478 41970 82703 11051 21075 40296 57003 77000 80007;","","","","","","","","","",""
"53478099999","2000-02-07T05:00:00","40.167","112.333","1212.0","YOU YU, CH","FM-12","4","","-9","-2","","","+0.02","7","75","CLR:00","30.58","","12.43","","290","","7","","","","","","","","","","","","","","","","","","","","","","","","","","","","","","","","","","","","","","","","","","","","","","","","","","","","","","","","","","","","","","","","","","","","","","","","","","","","","","","","","","","","","","","","","","","SYN064AAXX  06211 53478 42970 02903 11191 21225 40357 57008 333 70001;","","","","","","","","","",""
"53478099999","2000-02-07T17:00:00","40.167","112.333","1212.0","YOU YU, CH","FM-12","4","","6","17","","","+0.01","7","61","CLR:00","30.45","","12.43","","290","","20","","","","","","","","","","","","","","","","","","","","","","","","","","","","","","","","","","","","","","","","","","","","","","","","","","","","","","","","","","","","","","","","","","","","","","","","","","","","","","","","","","","","","","","","","","","SYN054AAXX  07091 53478 42970 02909 11082 21144 40312 57004;","","","","","","","","","",""
"53478099999","2000-02-08T05:00:00","40.167","112.333","1212.0","YOU YU, CH","FM-12","4","","-8","-4","","","-0.00","2","83","CLR:00","30.60","","12.43","","000","","0","","","","","","","","","","","","","","","","","","","","","","","","","","","","","","","","","","","","","","","","","","","","","","","","","","","","","","","","","","","","","","","","","","","","","","","","","","","","","","","","","","","","","","","","","","","SYN054AAXX  07211 53478 42970 00000 11199 21221 40361 52001;","","","","","","","","","",""
"53478099999","2000-02-08T09:00:00","40.167","112.333","1212.0","YOU YU, CH","FM-12","4","","7","25","","","+0.04","7","46","CLR:00","30.49","","18.64","","090","","2","","","","","","","","","","","","","","","","","","","","","","","","","","","","","","","","","","","","","","","","","","","","","","","","","","","","","","","","","","","","","","","","","","","","","","","","","","","","","","","","","","","","","","","","","","","SYN054AAXX  08011 53478 42980 00901 1104/ 21139 40326 57012;","","","","","","","","","",""
"53478099999","2000-02-08T17:00:00","40.167","112.333","1212.0","YOU YU, CH","FM-12","4","","7","20","","","+0.04","7","56","CLR:00","30.48","","18.64","","","","","","","","","","","","","","","","","","","","","","","","","","","","","","","","","","","","","","","","","","","","","","","","","","","","","","","","","","","","","","","","","","","","","","","","","","","","","","","","","","","","","","","","","","","","","","","SYN054AAXX  08091 53478 42980 0/901 11064 21139 40321 57012;","","","","","","","","","",""
"53478099999","2000-02-09T05:00:00","40.167","112.333","1212.0","YOU YU, CH","FM-12","4","","-13","-11","","","+0.02","7","92","CLR:00","30.45","","15.53","","000","","0","","","","","","","","","","","","","","","","","","","","","","","","","","","","","","","","","","","","","","","","","","","","","","","","","","","","","","","","","","","","","","","","","","","","","","","","","","","","","","","","","","","","","","","","","","","SYN054AAXX  08211 53478 42975 00000 11240 21249 40312 57008;","","","","","","","","","",""
"53478099999","2000-02-09T17:00:00","40.167","112.333","1212.0","YOU YU, CH","FM-12","4","","9","30","","","+0.01","7","42","CLR:00","30.27","","15.53","","340","","7","","","","","","","","","","","","","","","","","","","","","","","","","","","","","","","","","","","","","","","","","","","","","","","","","","","","","","","","","","","","","","","","","","","","","","","","","","","","","","","","","","","","","","","","","","","SYN054AAXX  09091 53478 42975 03403 11012 21125 40251 57003;","","","","","","","","","",""
"53478099999","2000-02-10T05:00:00","40.167","112.333","1212.0","YOU YU, CH","FM-12","4","","-4","-3","","","+0.02","7","93","CLR:00","30.22","","15.53","","000","","0","","","","","","","","","","","","","","","","","","","","","","","","","","","","","","","","","","","","","","","","","","","","","","","","","","","","","","","","","","","","","","","","","","","","","","","","","","","","","","","","","","","","","","","","","","","SYN054AAXX  09211 53478 42975 00000 11194 21202 40235 57006;","","","","","","","","","",""
"53478099999","2000-02-10T17:00:00","40.167","112.333","1212.0","YOU YU, CH","FM-12","4","","9","25","","","-0.03","2","50","CLR:00","30.33","","15.53","","320","","9","","","","","","","","","","","","","","","","","","","","","","","","","","","","","","","","","","","","","","","","","","","","","","","","","","","","","","","","","","","","","","","","","","","","","","","","","","","","","","","","","","","","","","","","","","","SYN054AAXX  10091 53478 42975 03204 11038 21129 40270 52009;","","","","","","","","","",""
"53478099999","2000-02-11T05:00:00","40.167","112.333","1212.0","YOU YU, CH","FM-12","4","","-6","-4","","","+0.01","7","93","CLR:00","30.44","","15.53","","000","","0","","","","","","","","","","","","","","","","","","","","","","","","","","","","","","","","","","","","","","","","","","","","","","","","","","","","","","","","","","","","","","","","","","","","","","","","","","","","","","","","","","","","","","","","","","","SYN054AAXX  10211 53478 42975 00000 11202 21210 40307 57003;","","","","","","","","","",""
"53478099999","2000-02-11T17:00:00","40.167","112.333","1212.0","YOU YU, CH","FM-12","4","","15","33","","","+0.05","7","48","CLR:00","30.27","","15.53","","320","","7","","","","","","","","","","","","","","","","","","","","","","","","","","","","","","","","","","","","","","","","","","","","","","","","","","","","","","","","","","","","","","","","","","","","","","","","","","","","","","","","","","","","","","","","","","","SYN054AAXX  11091 53478 42975 03203 10004 21095 40250 57016;","","","","","","","","","",""
"53478099999","2000-02-12T05:00:00","40.167","112.333","1212.0","YOU YU, CH","FM-12","4","","11","13","","","+0.04","7","91","","30.16","","15.53","","000","","0","","","","","","","","","","","","","","","","","","","","","","","","","","","","","","","","","","","","","","","","","","","","","","","","","","","","","","","","","","","","","","","","","","","","","","","","","","","","","","","","","","","","","","","","","","","SYN060AAXX  11211 53478 42975 20000 11103 21115 40213 57012 80002;","","","","","","","","","",""
"53478099999","2000-02-12T17:00:00","40.167","112.333","1212.0","YOU YU, CH","FM-12","4","","14","37","","","+0.01","7","39","CLR:00","30.12","","15.53","","320","","4","","","","","","","","","","","","","","","","","","","","","","","","","","","","","","","","","","","","","","","","","","","","","","","","","","","","","","","","","","","","","","","","","","","","","","","","","","","","","","","","","","","","","","","","","","","SYN054AAXX  12091 53478 42975 03202 10028 21100 40199 57005;","","","","","","","","","",""
"53478099999","2000-02-13T02:00:00","40.167","112.333","1212.0","YOU YU, CH","FM-12","4","","11","30","","","-0.03","2","47","","30.14","","7.46","","360","","4","","","","","","","","","","","","","","","","","","","","","","","","","","","","","","","","","","","","","","","","","","","","","","","","","","","","","","","","","","","","","","","","","","","","","","","","","","","","","","","","","","","","","","","","","","","SYN060AAXX  12181 53478 32962 83602 11013 21114 40207 52011 80007;","","","","","","","","","",""
"53478099999","2000-02-13T05:00:00","40.167","112.333","1212.0","YOU YU, CH","FM-12","4","","17","21","","","-0.01","2","85","","30.21","","12.43","","340","","4","","","","","","","","","","","","","","","","","","","","","","","","","","","","","","","","","","","","","","","","","","","","","","","","","","","","","","","","","","","","","","","","","","","","","","","","","","","","","","","","","","","","","","","","","","","SYN060AAXX  12211 53478 42970 63402 11060 21082 40229 52005 80002;","","","","","","","","","",""
"53478099999","2000-02-13T17:00:00","40.167","112.333","1212.0","YOU YU, CH","FM-12","4","","15","22","","","+0.00","7","73","","30.27","","15.53","","290","","13","","","","","","","","","","","","","","","","","","","","","","","","","","","","","","","","","","","","","","","","","","","","","","","","","","","","","","","","","","","","","","","","","","","","","","","","","","","","","","","","","","","","","","","","","","","SYN060AAXX  13091 53478 42275 62906 11055 21097 40252 57001 86500;","","","","","","","","","",""
"53478099999","2000-02-14T05:00:00","40.167","112.333","1212.0","YOU YU, CH","FM-12","4","","-10","-9","","","+0.01","7","92","CLR:00","30.53","","12.43","","000","","0","","","","","","","","","","","","","","","","","","","","","","","","","","","","","","","","","","","","","","","","","","","","","","","","","","","","","","","","","","","","","","","","","","","","","","","","","","","","","","","","","","","","","","","","","","","SYN064AAXX  13211 53478 42970 00000 11225 21234 40339 57005 333 70005;","","","","","","","","","",""
"53478099999","2000-02-14T17:00:00","40.167","112.333","1212.0","YOU YU, CH","FM-12","4","","-3","12","","","+0.01","7","51","","30.64","","15.53","","290","","16","","","","","","","","","","","","","","","","","","","","","","","","","","","","","","","","","","","","","","","","","","","","","","","","","","","","","","","","","","","","","","","","","","","","","","","","","","","","","","","","","","","","","","","","","","","SYN060AAXX  14091 53478 42575 22907 11110 21193 40375 57002 82100;","","","","","","","","","",""
"53478099999","2000-02-15T17:00:00","40.167","112.333","1212.0","YOU YU, CH","FM-12","4","","-1","19","","","+0.02","7","40","CLR:00","30.53","","18.64","","290","","9","","","","","","","","","","","","","","","","","","","","","","","","","","","","","","","","","","","","","","","","","","","","","","","","","","","","","","","","","","","","","","","","","","","","","","","","","","","","","","","","","","","","","","","","","","","SYN054AAXX  15091 53478 42980 02904 11071 21184 40338 57006;","","","","","","","","","",""
"53478099999","2000-02-16T05:00:00","40.167","112.333","1212.0","YOU YU, CH","FM-12","4","","-9","-6","","","+0.03","7","87","CLR:00","30.45","","15.53","","000","","0","","","","","","","","","","","","","","","","","","","","","","","","","","","","","","","","","","","","","","","","","","","","","","","","","","","","","","","","","","","","","","","","","","","","","","","","","","","","","","","","","","","","","","","","","","","SYN054AAXX  15211 53478 42975 00000 11211 21227 40310 57009;","","","","","","","","","",""
"53478099999","2000-02-16T17:00:00","40.167","112.333","1212.0","YOU YU, CH","FM-12","4","","4","31","","","+0.01","7","33","CLR:00","30.32","","18.64","","320","","9","","","","","","","","","","","","","","","","","","","","","","","","","","","","","","","","","","","","","","","","","","","","","","","","","","","","","","","","","","","","","","","","","","","","","","","","","","","","","","","","","","","","","","","","","","","SYN054AAXX  16091 53478 42980 03204 11008 21153 40266 57004;","","","","","","","","","",""
"53478099999","2000-02-17T17:00:00","40.167","112.333","1212.0","YOU YU, CH","FM-12","4","","8","36","","","+0.03","7","31","CLR:00","30.27","","18.64","","340","","7","","","","","","","","","","","","","","","","","","","","","","","","","","","","","","","","","","","","","","","","","","","","","","","","","","","","","","","","","","","","","","","","","","","","","","","","","","","","","","","","","","","","","","","","","","","SYN054AAXX  17091 53478 42980 03403 10022 21134 40252 57011;","","","","","","","","","",""
"53478099999","2000-02-18T05:00:00","40.167","112.333","1212.0","YOU YU, CH","FM-12","4","","7","10","","","+0.02","7","86","","30.23","","12.43","","110","","2","","","","","","","","","","","","","","","","","","","","","","","","","","","","","","","","","","","","","","","","","","","","","","","","","","","","","","","","","","","","","","","","","","","","","","","","","","","","","","","","","","","","","","","","","","","SYN060AAXX  17211 53478 42970 /1101 11121 21140 40237 57007 80002;","","","","","","","","","",""
"53478099999","2000-02-19T17:00:00","40.167","112.333","1212.0","YOU YU, CH","FM-12","4","","-9","26","","","+0.04","7","21","CLR:00","30.29","","18.64","","340","","7","","","","","","","","","","","","","","","","","","","","","","","","","","","","","","","","","","","","","","","","","","","","","","","","","","","","","","","","","","","","","","","","","","","","","","","","","","","","","","","","","","","","","","","","","","","SYN054AAXX  19091 53478 42980 03403 11034 21226 40259 57014;","","","","","","","","","",""
"53478099999","2000-02-20T05:00:00","40.167","112.333","1212.0","YOU YU, CH","FM-12","4","","-6","-3","","","+0.02","7","87","CLR:00","30.41","","15.53","","000","","0","","","","","","","","","","","","","","","","","","","","","","","","","","","","","","","","","","","","","","","","","","","","","","","","","","","","","","","","","","","","","","","","","","","","","","","","","","","","","","","","","","","","","","","","","","","SYN054AAXX  19211 53478 42975 00000 11195 21211 40299 57006;","","","","","","","","","",""
"53478099999","2000-02-20T17:00:00","40.167","112.333","1212.0","YOU YU, CH","FM-12","4","","6","30","","","+0.01","7","36","CLR:00","30.32","","18.64","","290","","9","","","","","","","","","","","","","","","","","","","","","","","","","","","","","","","","","","","","","","","","","","","","","","","","","","","","","","","","","","","","","","","","","","","","","","","","","","","","","","","","","","","","","","","","","","","SYN054AAXX  20091 53478 42980 02904 11013 21145 40269 57003;","","","","","","","","","",""
"53478099999","2000-02-21T05:00:00","40.167","112.333","1212.0","YOU YU, CH","FM-12","4","","1","3","","","+0.01","7","89","CLR:00","30.32","","15.53","","000","","0","","","","","","","","","","","","","","","","","","","","","","","","","","","","","","","","","","","","","","","","","","","","","","","","","","","","","","","","","","","","","","","","","","","","","","","","","","","","","","","","","","","","","","","","","","","SYN054AAXX  20211 53478 42975 00000 11159 21173 40269 57002;","","","","","","","","","",""
"53478099999","2000-02-22T05:00:00","40.167","112.333","1212.0","YOU YU, CH","FM-12","4","","6","8","","","+0.01","7","90","CLR:00","30.22","","15.53","","000","","0","","","","","","","","","","","","","","","","","","","","","","","","","","","","","","","","","","","","","","","","","","","","","","","","","","","","","","","","","","","","","","","","","","","","","","","","","","","","","","","","","","","","","","","","","","","SYN054AAXX  21211 53478 42975 00000 11133 21146 40235 57003;","","","","","","","","","",""
"53478099999","2000-02-22T17:00:00","40.167","112.333","1212.0","YOU YU, CH","FM-12","4","","9","33","","","-0.01","2","37","","30.31","","15.53","","290","","11","","","","","","","","","","","","","","","","","","","","","","","","","","","","","","","","","","","","","","","","","","","","","","","","","","","","","","","","","","","","","","","","","","","","","","","","","","","","","","","","","","","","","","","","","","","SYN060AAXX  22091 53478 42775 62905 10005 21125 40264 52004 82502;","","","","","","","","","",""
"53478099999","2000-02-23T05:00:00","40.167","112.333","1212.0","YOU YU, CH","FM-12","4","","4","5","","","-0.01","2","96","CLR:00","30.48","","15.53","","000","","0","","","","","","","","","","","","","","","","","","","","","","","","","","","","","","","","","","","","","","","","","","","","","","","","","","","","","","","","","","","","","","","","","","","","","","","","","","","","","","","","","","","","","","","","","","","SYN054AAXX  22211 53478 42975 00000 11151 21156 40321 52002;","","","","","","","","","",""
"53478099999","2000-02-23T17:00:00","40.167","112.333","1212.0","YOU YU, CH","FM-12","4","","-6","26","","","+0.01","7","24","CLR:00","30.50","","18.64","","290","","7","","","","","","","","","","","","","","","","","","","","","","","","","","","","","","","","","","","","","","","","","","","","","","","","","","","","","","","","","","","","","","","","","","","","","","","","","","","","","","","","","","","","","","","","","","","SYN054AAXX  23091 53478 42980 02903 11032 21210 40329 57003;","","","","","","","","","",""
"53478099999","2000-02-24T05:00:00","40.167","112.333","1212.0","YOU YU, CH","FM-12","4","","2","9","","","-0.00","2","73","","30.61","","15.53","","040","","2","","","","","","","","","","","","","","","","","","","","","","","","","","","","","","","","","","","","","","","","","","","","","","","","","","","","","","","","","","","","","","","","","","","","","","","","","","","","","","","","","","","","","","","","","","","SYN060AAXX  23211 53478 42975 80401 11125 21164 40365 52001 80007;","","","","","","","","","",""
"53478099999","2000-02-24T17:00:00","40.167","112.333","1212.0","YOU YU, CH","FM-12","4","","0","27","","","+0.01","7","31","","30.49","","12.43","","320","","7","","","","","","","","","","","","","","","","","","","","","","","","","","","","","","","","","","","","","","","","","","","","","","","","","","","","","","","","","","","","","","","","","","","","","","","","","","","","","","","","","","","","","","","","","","","SYN060AAXX  24091 53478 42970 83203 11026 21176 40326 57005 8802/;","","","","","","","","","",""
"53478099999","2000-02-25T05:00:00","40.167","112.333","1212.0","YOU YU, CH","FM-12","4","","12","15","","","+0.04","7","88","","30.39","","12.43","","270","","11","","","","","","","","","","","","","","","","","","","","","","","","","","","","","","","","","","","","","","","","","","","","","","","","","","","","","","","","","","","","","","","","","","","","","","","","","","","","","","","","","","","","","","","","","","","SYN076AAXX  24211 53478 41970 82705 11097 21113 40291 57012 77070 8802/ 333 79999;","","","","","","","","","",""
"53478099999","2000-02-25T17:00:00","40.167","112.333","1212.0","YOU YU, CH","FM-12","4","","11","24","","","+0.01","7","57","","30.34","","15.53","","290","","18","","","","","","","","","","","","","","","","","","","","","","","","","","","","","","","","","","","","","","","","","","","","","","","","","","","","","","","","","","","","","","","","","","","","","","","","","","","","","","","","","","","","","","","","","","","SYN060AAXX  25091 53478 42775 42908 11043 21116 40273 57003 82402;","","","","","","","","","",""
"53478099999","2000-02-26T05:00:00","40.167","112.333","1212.0","YOU YU, CH","FM-12","4","","4","11","","","+0.02","7","73","CLR:00","30.39","","15.53","","000","","0","","","","","","","","","","","","","","","","","","","","","","","","","","","","","","","","","","","","","","","","","","","","","","","","","","","","","","","","","","","","","","","","","","","","","","","","","","","","","","","","","","","","","","","","","","","SYN064AAXX  25211 53478 42975 00000 11116 21156 40290 57007 333 79999;","","","","","","","","","",""
"53478099999","2000-02-26T17:00:00","40.167","112.333","1212.0","YOU YU, CH","FM-12","4","","5","33","","","+0.04","7","30","CLR:00","30.27","","18.64","","290","","13","","","","","","","","","","","","","","","","","","","","","","","","","","","","","","","","","","","","","","","","","","","","","","","","","","","","","","","","","","","","","","","","","","","","","","","","","","","","","","","","","","","","","","","","","","","SYN054AAXX  26091 53478 42980 02906 10008 21149 40252 57012;","","","","","","","","","",""
"53478099999","2000-02-27T05:00:00","40.167","112.333","1212.0","YOU YU, CH","FM-12","4","","0","5","","","","","81","CLR:00","30.36","","15.53","","000","","0","","","","","","","","","","","","","","","","","","","","","","","","","","","","","","","","","","","","","","","","","","","","","","","","","","","","","","","","","","","","","","","","","","","","","","","","","","","","","","","","","","","","","","","","","","","SYN054AAXX  26211 53478 42975 00000 11152 21178 40280 5=000;","","","","","","","","","",""
"53478099999","2000-02-27T17:00:00","40.167","112.333","1212.0","YOU YU, CH","FM-12","4","","2","34","","","-0.01","2","25","CLR:00","30.40","","18.64","","320","","9","","","","","","","","","","","","","","","","","","","","","","","","","","","","","","","","","","","","","","","","","","","","","","","","","","","","","","","","","","","","","","","","","","","","","","","","","","","","","","","","","","","","","","","","","","","SYN054AAXX  27091 53478 42980 03204 10012 21168 40295 52005;","","","","","","","","","",""
"53478099999","2000-02-28T05:00:00","40.167","112.333","1212.0","YOU YU, CH","FM-12","4","","2","10","","","-0.01","2","70","CLR:00","30.51","","18.64","","000","","0","","","","","","","","","","","","","","","","","","","","","","","","","","","","","","","","","","","","","","","","","","","","","","","","","","","","","","","","","","","","","","","","","","","","","","","","","","","","","","","","","","","","","","","","","","","SYN054AAXX  27211 53478 42980 00000 11124 21168 40333 52003;","","","","","","","","","",""
"53478099999","2000-02-28T17:00:00","40.167","112.333","1212.0","YOU YU, CH","FM-12","4","","8","41","","","+0.04","7","26","CLR:00","30.43","","18.64","","270","","4","","","","","","","","","","","","","","","","","","","","","","","","","","","","","","","","","","","","","","","","","","","","","","","","","","","","","","","","","","","","","","","","","","","","","","","","","","","","","","","","","","","","","","","","","","","SYN054AAXX  28091 53478 42980 02702 10048 21132 40304 57014;","","","","","","","","","",""
"53478099999","2000-02-29T05:00:00","40.167","112.333","1212.0","YOU YU, CH","FM-12","4","","3","8","","","+0.04","7","82","CLR:00","30.46","","15.53","","000","","0","","","","","","","","","","","","","","","","","","","","","","","","","","","","","","","","","","","","","","","","","","","","","","","","","","","","","","","","","","","","","","","","","","","","","","","","","","","","","","","","","","","","","","","","","","","SYN054AAXX  28211 53478 42975 00000 11135 21160 40314 57013;","","","","","","","","","",""
"53478099999","2000-02-29T17:00:00","40.167","112.333","1212.0","YOU YU, CH","FM-12","4","","8","43","","","+0.02","7","23","","30.30","","18.64","","270","","9","","","","","","","","","","","","","","","","","","","","","","","","","","","","","","","","","","","","","","","","","","","","","","","","","","","","","","","","","","","","","","","","","","","","","","","","","","","","","","","","","","","","","","","","","","","SYN060AAXX  29091 53478 42580 12704 10062 21134 40261 57008 81100;","","","","","","","","","",""
"53478099999","2000-03-01T05:00:00","40.167","112.333","1212.0","YOU YU, CH","FM-12","4","","13","19","","","+0.02","7","77","","30.25","","12.43","","160","","4","","","","","","","","","","","","","","","","","","","","","","","","","","","","","","","","","","","","","","","","","","","","","","","","","","","","","","","","","","","","","","","","","","","","","","","","","","","","","","","","","","","","","","","","","","","SYN060AAXX  29211 53478 42970 51602 11073 21107 40245 57006 80002;","","","","","","","","","",""
"53478099999","2000-03-01T17:00:00","40.167","112.333","1212.0","YOU YU, CH","FM-12","4","","17","45","","","+0.01","7","33","","30.17","","15.53","","270","","11","","","","","","","","","","","","","","","","","","","","","","","","","","","","","","","","","","","","","","","","","","","","","","","","","","","","","","","","","","","","","","","","","","","","","","","","","","","","","","","","","","","","","","","","","","","SYN060AAXX  01091 53478 42575 32705 10070 21083 40216 57005 83100;","","","","","","","","","",""
"53478099999","2000-03-14T17:00:00","40.167","112.333","1212.0","YOU YU, CH","FM-12","4","","32","33","","||RA","+0.00","7","97","","30.14","","9.32","","250","","2","","","","","","","","","","","","","","","","","","","","","","","","","","","","","","","","","","","","","","","","","","","","","","","","","","","","","","","","","","","","","","","","","","","","","","","","","","","","","","","","","","","","","","","","","","","SYN066AAXX  14091 53478 41965 82501 10006 20001 40207 57001 76876 8802/;","","","","","","","","","",""
"53478099999","2000-03-15T05:00:00","40.167","112.333","1212.0","YOU YU, CH","FM-12","4","","10","18","","","+0.03","7","73","CLR:00","30.18","","12.43","","000","","0","","","","","","","","","","","","","","","","","","","","","","","","","","","","","","","","","","","","","","","","","","","","","","","","","","","","","","","","","","","","","","","","","","","","","","","","","","","","","","","","","","","","","","","","","","","SYN064AAXX  14211 53478 42970 00000 11080 21120 40219 57009 333 70026;","","","","","","","","","",""
"53478099999","2000-03-15T17:00:00","40.167","112.333","1212.0","YOU YU, CH","FM-12","4","","12","39","","","+0.00","7","34","","30.14","","15.53","","290","","11","","","","","","","","","","","","","","","","","","","","","","","","","","","","","","","","","","","","","","","","","","","","","","","","","","","","","","","","","","","","","","","","","","","","","","","","","","","","","","","","","","","","","","","","","","","SYN060AAXX  15091 53478 42575 22905 10037 21109 40208 57001 82100;","","","","","","","","","",""
"53478099999","2000-03-16T17:00:00","40.167","112.333","1212.0","YOU YU, CH","FM-12","4","","-2","42","","","+0.03","7","15","CLR:00","30.08","","15.53","","290","","11","","","","","","","","","","","","","","","","","","","","","","","","","","","","","","","","","","","","","","","","","","","","","","","","","","","","","","","","","","","","","","","","","","","","","","","","","","","","","","","","","","","","","","","","","","","SYN054AAXX  16091 53478 42975 02905 10056 21189 40187 57009;","","","","","","","","","",""
"53478099999","2000-03-17T05:00:00","40.167","112.333","1212.0","YOU YU, CH","FM-12","4","","6","11","","","+0.01","7","79","CLR:00","30.08","","15.53","","070","","2","","","","","","","","","","","","","","","","","","","","","","","","","","","","","","","","","","","","","","","","","","","","","","","","","","","","","","","","","","","","","","","","","","","","","","","","","","","","","","","","","","","","","","","","","","","SYN054AAXX  16211 53478 42975 00701 11117 21146 40185 57004;","","","","","","","","","",""
"53478099999","2000-03-17T17:00:00","40.167","112.333","1212.0","YOU YU, CH","FM-12","4","","-10","50","","","+0.02","7","8","CLR:00","29.96","","15.53","","250","","13","","","","","","","","","","","","","","","","","","","","","","","","","","","","","","","","","","","","","","","","","","","","","","","","","","","","","","","","","","","","","","","","","","","","","","","","","","","","","","","","","","","","","","","","","","","SYN054AAXX  17091 53478 42975 02506 10101 21233 40145 57006;","","","","","","","","","",""
"53478099999","2000-03-18T05:00:00","40.167","112.333","1212.0","YOU YU, CH","FM-12","4","","6","30","","","-0.06","2","36","CLR:00","","","7.46","","290","","9","","","","","","","","","","","","","","","","","","","","","","","","","","","","","","","","","","","","","","","","","","","","","","","","","","","","","","","","","","","","","","","","","","","","","","","","","","","","","","","","","","","","","","","","","","","SYN054AAXX  17211 53478 42962 02904 11013 21145 4/148 52019;","","","","","","","","","",""
"53478099999","2000-03-18T17:00:00","40.167","112.333","1212.0","YOU YU, CH","FM-12","4","","11","40","","","-0.02","2","31","","30.16","","15.53","","340","","9","","","","","","","","","","","","","","","","","","","","","","","","","","","","","","","","","","","","","","","","","","","","","","","","","","","","","","","","","","","","","","","","","","","","","","","","","","","","","","","","","","","","","","","","","","","SYN060AAXX  18091 53478 42575 23404 10045 21114 40213 52006 82100;","","","","","","","","","",""
"53478099999","2000-03-19T05:00:00","40.167","112.333","1212.0","YOU YU, CH","FM-12","4","","-2","12","","","+0.04","7","52","CLR:00","30.33","","15.53","","000","","0","","","","","","","","","","","","","","","","","","","","","","","","","","","","","","","","","","","","","","","","","","","","","","","","","","","","","","","","","","","","","","","","","","","","","","","","","","","","","","","","","","","","","","","","","","","SYN054AAXX  18211 53478 42975 00000 11112 21191 40271 57015;","","","","","","","","","",""
"53478099999","2000-03-19T17:00:00","40.167","112.333","1212.0","YOU YU, CH","FM-12","4","","9","52","","","+0.06","7","18","CLR:00","30.04","","15.53","","160","","4","","","","","","","","","","","","","","","","","","","","","","","","","","","","","","","","","","","","","","","","","","","","","","","","","","","","","","","","","","","","","","","","","","","","","","","","","","","","","","","","","","","","","","","","","","","SYN054AAXX  19091 53478 42975 01602 10110 21125 40174 57020;","","","","","","","","","",""
"53478099999","2000-03-20T17:00:00","40.167","112.333","1212.0","YOU YU, CH","FM-12","4","","35","35","","||RA","-0.02","2","99","","29.94","","7.46","","000","","0","","","","","","","","","","","","","","","","","","","","","","","","","","","","","","","","","","","","","","","","","","","","","","","","","","","","","","","","","","","","","","","","","","","","","","","","","","","","","","","","","","","","","","","","","","","SYN066AAXX  20091 53478 41962 80000 10016 20014 40140 52006 76870 8802/;","","","","","","","","","",""
"53478099999","2000-03-21T05:00:00","40.167","112.333","1212.0","YOU YU, CH","FM-12","4","","29","31","","","-0.02","2","93","","30.17","","9.32","","070","","9","","","","","","","","","","","","","","","","","","","","","","","","","","","","","","","","","","","","","","","","","","","","","","","","","","","","","","","","","","","","","","","","","","","","","","","","","","","","","","","","","","","","","","","","","","","SYN070AAXX  20211 53478 42965 80704 11008 21018 40218 52007 8802/ 333 70045;","","","","","","","","","",""
"53478099999","2000-03-21T17:00:00","40.167","112.333","1212.0","YOU YU, CH","FM-12","4","","33","42","","","+0.02","7","72","","30.11","","9.32","","110","","7","","","","","","","","","","","","","","","","","","","","","","","","","","","","","","","","","","","","","","","","","","","","","","","","","","","","","","","","","","","","","","","","","","","","","","","","","","","","","","","","","","","","","","","","","","","SYN060AAXX  21091 53478 42765 71103 10053 20006 40195 57007 87500;","","","","","","","","","",""
"53478099999","2000-03-22T17:00:00","40.167","112.333","1212.0","YOU YU, CH","FM-12","4","","10","32","","","-0.01","2","40","","30.29","","12.43","","290","","22","","","","","","","","","","","","","","","","","","","","","","","","","","","","","","","","","","","","","","","","","","","","","","","","","","","","","","","","","","","","","","","","","","","","","","","","","","","","","","","","","","","","","","","","","","","SYN060AAXX  22091 53478 42970 82910 11002 21122 40258 52002 80007;","","","","","","","","","",""
"53478099999","2000-03-23T05:00:00","40.167","112.333","1212.0","YOU YU, CH","FM-12","4","","1","19","","","+0.03","7","45","CLR:00","30.39","","9.32","","250","","2","","","","","","","","","","","","","","","","","","","","","","","","","","","","","","","","","","","","","","","","","","","","","","","","","","","","","","","","","","","","","","","","","","","","","","","","","","","","","","","","","","","","","","","","","","","SYN064AAXX  22211 53478 42965 02501 11072 21172 40292 57010 333 70023;","","","","","","","","","",""
"53478099999","2000-03-23T17:00:00","40.167","112.333","1212.0","YOU YU, CH","FM-12","4","","0","33","","","-0.03","2","24","","30.35","","12.43","","340","","13","","","","","","","","","","","","","","","","","","","","","","","","","","","","","","","","","","","","","","","","","","","","","","","","","","","","","","","","","","","","","","","","","","","","","","","","","","","","","","","","","","","","","","","","","","","SYN060AAXX  23091 53478 42970 13406 10006 21178 40276 52010 80002;","","","","","","","","","",""
"53478099999","2000-03-24T17:00:00","40.167","112.333","1212.0","YOU YU, CH","FM-12","4","","2","44","","","+0.03","7","18","CLR:00","30.27","","15.53","","290","","11","","","","","","","","","","","","","","","","","","","","","","","","","","","","","","","","","","","","","","","","","","","","","","","","","","","","","","","","","","","","","","","","","","","","","","","","","","","","","","","","","","","","","","","","","","","SYN054AAXX  24091 53478 42975 02905 10064 21164 40250 57009;","","","","","","","","","",""
"53478099999","2000-03-25T05:00:00","40.167","112.333","1212.0","YOU YU, CH","FM-12","4","","13","17","","","+0.02","7","86","CLR:00","30.33","","12.43","","000","","0","","","","","","","","","","","","","","","","","","","","","","","","","","","","","","","","","","","","","","","","","","","","","","","","","","","","","","","","","","","","","","","","","","","","","","","","","","","","","","","","","","","","","","","","","","","SYN054AAXX  24211 53478 42970 00000 11085 21104 40271 57007;","","","","","","","","","",""
"53478099999","2000-03-25T17:00:00","40.167","112.333","1212.0","YOU YU, CH","FM-12","4","","12","47","","","+0.04","7","24","CLR:00","30.31","","18.64","","290","","16","","","","","","","","","","","","","","","","","","","","","","","","","","","","","","","","","","","","","","","","","","","","","","","","","","","","","","","","","","","","","","","","","","","","","","","","","","","","","","","","","","","","","","","","","","","SYN054AAXX  25091 53478 42980 02907 10084 21110 40263 57014;","","","","","","","","","",""
"53478099999","2000-03-26T05:00:00","40.167","112.333","1212.0","YOU YU, CH","FM-12","4","","12","22","","","+0.05","7","67","CLR:00","30.16","","15.53","","090","","4","","","","","","","","","","","","","","","","","","","","","","","","","","","","","","","","","","","","","","","","","","","","","","","","","","","","","","","","","","","","","","","","","","","","","","","","","","","","","","","","","","","","","","","","","","","SYN054AAXX  25211 53478 42975 00902 11058 21110 40212 57017;","","","","","","","","","",""
"53478099999","2000-03-26T17:00:00","40.167","112.333","1212.0","YOU YU, CH","FM-12","4","","-7","53","","","+0.09","7","8","","29.81","","7.46","","270","","22","","","","","","","","","","","","","","","","","","","","","","","","","","","","","","","","","","","","","","","","","","","","","","","","","","","","","","","","","","","","","","","","","","","","","","","","","","","","","","","","","","","","","","","","","","","SYN060AAXX  26091 53478 42962 72710 10118 21215 40096 57031 80002;","","","","","","","","","",""
"53478099999","2000-03-27T05:00:00","40.167","112.333","1212.0","YOU YU, CH","FM-12","4","","15","35","","","-","2","44","","29.71","","9.32","","320","","7","","","","","","","","","","","","","","","","","","","","","","","","","","","","","","","","","","","","","","","","","","","","","","","","","","","","","","","","","","","","","","","","","","","","","","","","","","","","","","","","","","","","","","","","","","","SYN060AAXX  26211 53478 42965 23203 10018 21093 40061 52/07 80002;","","","","","","","","","",""
"53478099999","2000-03-27T17:00:00","40.167","112.333","1212.0","YOU YU, CH","FM-12","4","","10","40","","","-0.05","2","29","","29.98","","9.32","","320","","22","","","","","","","","","","","","","","","","","","","","","","","","","","","","","","","","","","","","","","","","","","","","","","","","","","","","","","","","","","","","","","","","","","","","","","","","","","","","","","","","","","","","","","","","","","","SYN060AAXX  27091 53478 42965 63210 10043 21123 40151 52016 80002;","","","","","","","","","",""
"53478099999","2000-03-28T05:00:00","40.167","112.333","1212.0","YOU YU, CH","FM-12","4","","6","17","","","-0.01","2","61","CLR:00","30.24","","12.43","","000","","0","","","","","","","","","","","","","","","","","","","","","","","","","","","","","","","","","","","","","","","","","","","","","","","","","","","","","","","","","","","","","","","","","","","","","","","","","","","","","","","","","","","","","","","","","","","SYN054AAXX  27211 53478 42970 00000 11084 21147 40241 52003;","","","","","","","","","",""
"53478099999","2000-03-28T17:00:00","40.167","112.333","1212.0","YOU YU, CH","FM-12","4","","-1","47","","","+0.02","7","13","","30.24","","15.53","","340","","7","","","","","","","","","","","","","","","","","","","","","","","","","","","","","","","","","","","","","","","","","","","","","","","","","","","","","","","","","","","","","","","","","","","","","","","","","","","","","","","","","","","","","","","","","","","SYN060AAXX  28091 53478 42975 23403 10081 21184 40242 57008 80002;","","","","","","","","","",""
"53478099999","2000-03-29T05:00:00","40.167","112.333","1212.0","YOU YU, CH","FM-12","4","","10","21","","","+0.02","7","62","CLR:00","30.22","","15.53","","110","","2","","","","","","","","","","","","","","","","","","","","","","","","","","","","","","","","","","","","","","","","","","","","","","","","","","","","","","","","","","","","","","","","","","","","","","","","","","","","","","","","","","","","","","","","","","","SYN054AAXX  28211 53478 42975 01101 11060 21122 40232 57008;","","","","","","","","","",""
"53478099999","2000-03-29T17:00:00","40.167","112.333","1212.0","YOU YU, CH","FM-12","4","","12","63","","","+0.07","7","13","CLR:00","29.92","","18.64","","290","","9","","","","","","","","","","","","","","","","","","","","","","","","","","","","","","","","","","","","","","","","","","","","","","","","","","","","","","","","","","","","","","","","","","","","","","","","","","","","","","","","","","","","","","","","","","","SYN054AAXX  29091 53478 42980 02904 10172 21111 40132 57024;","","","","","","","","","",""
"53478099999","2000-03-30T05:00:00","40.167","112.333","1212.0","YOU YU, CH","FM-12","4","","18","33","","","+0.04","7","55","CLR:00","29.77","","15.53","","000","","0","","","","","","","","","","","","","","","","","","","","","","","","","","","","","","","","","","","","","","","","","","","","","","","","","","","","","","","","","","","","","","","","","","","","","","","","","","","","","","","","","","","","","","","","","","","SYN054AAXX  29211 53478 42975 00000 10004 21077 40080 57012;","","","","","","","","","",""
"53478099999","2000-03-30T17:00:00","40.167","112.333","1212.0","YOU YU, CH","FM-12","4","","20","61","","","-0.01","2","20","","29.78","","15.53","","360","","11","","","","","","","","","","","","","","","","","","","","","","","","","","","","","","","","","","","","","","","","","","","","","","","","","","","","","","","","","","","","","","","","","","","","","","","","","","","","","","","","","","","","","","","","","","","SYN060AAXX  30091 53478 42575 23605 10159 21068 40086 52005 81102;","","","","","","","","","",""
"53478099999","2000-03-31T05:00:00","40.167","112.333","1212.0","YOU YU, CH","FM-12","4","","17","25","","","-","2","73","CLR:00","30.00","","15.53","","000","","0","","","","","","","","","","","","","","","","","","","","","","","","","","","","","","","","","","","","","","","","","","","","","","","","","","","","","","","","","","","","","","","","","","","","","","","","","","","","","","","","","","","","","","","","","","","SYN054AAXX  30211 53478 42975 00000 11041 21082 40158 520/9;","","","","","","","","","",""
"53478099999","2000-03-31T17:00:00","40.167","112.333","1212.0","YOU YU, CH","FM-12","4","","15","58","","","+0.02","7","18","","29.96","","18.64","","320","","7","","","","","","","","","","","","","","","","","","","","","","","","","","","","","","","","","","","","","","","","","","","","","","","","","","","","","","","","","","","","","","","","","","","","","","","","","","","","","","","","","","","","","","","","","","","SYN060AAXX  31091 53478 42980 23203 10144 21097 40146 57008 80002;","","","","","","","","","",""
"53478099999","2000-04-01T17:00:00","40.167","112.333","1212.0","YOU YU, CH","FM-12","4","","37","58","","","+0.01","7","45","","29.84","","12.43","","220","","11","","","","","","","","","","","","","","","","","","","","","","","","","","","","","","","","","","","","","","","","","","","","","","","","","","","","","","","","","","","","","","","","","","","","","","","","","","","","","","","","","","","","","","","","","","","SYN060AAXX  01091 53478 42770 72205 10147 20027 40105 57004 875//;","","","","","","","","","",""
"53478099999","2000-04-02T05:00:00","40.167","112.333","1212.0","YOU YU, CH","FM-12","4","","22","23","","","-0.02","2","96","CLR:00","30.03","","12.43","","000","","0","","","","","","","","","","","","","","","","","","","","","","","","","","","","","","","","","","","","","","","","","","","","","","","","","","","","","","","","","","","","","","","","","","","","","","","","","","","","","","","","","","","","","","","","","","","SYN064AAXX  01211 53478 42970 00000 11048 21054 40170 52008 333 79999;","","","","","","","","","",""
"53478099999","2000-04-02T17:00:00","40.167","112.333","1212.0","YOU YU, CH","FM-12","4","","6","59","","","+0.04","7","12","","30.01","","15.53","","270","","13","","","","","","","","","","","","","","","","","","","","","","","","","","","","","","","","","","","","","","","","","","","","","","","","","","","","","","","","","","","","","","","","","","","","","","","","","","","","","","","","","","","","","","","","","","","SYN060AAXX  02091 53478 42775 42706 10148 21145 40162 57013 81402;","","","","","","","","","",""
"53478099999","2000-04-03T17:00:00","40.167","112.333","1212.0","YOU YU, CH","FM-12","4","","11","59","","||DU","+0.04","7","15","CLR:00","29.79","","4.35","","290","","25","","","","","","","","","","","","","","","","","","","","","","","","","","","","","","","","","","","","","","","","","","","","","","","","","","","","","","","","","","","","","","","","","","","","","","","","","","","","","","","","","","","","","","","","","","","SYN060AAXX  03091 53478 41957 02911 10151 21118 40088 57014 70700;","","","","","","","","","",""
"53478099999","2000-04-04T05:00:00","40.167","112.333","1212.0","YOU YU, CH","FM-12","4","","2","31","","","-0.04","2","28","CLR:00","30.06","","9.32","","340","","7","","","","","","","","","","","","","","","","","","","","","","","","","","","","","","","","","","","","","","","","","","","","","","","","","","","","","","","","","","","","","","","","","","","","","","","","","","","","","","","","","","","","","","","","","","","SYN054AAXX  03211 53478 42965 03403 11005 21169 40178 52014;","","","","","","","","","",""
"53478099999","2000-04-04T17:00:00","40.167","112.333","1212.0","YOU YU, CH","FM-12","4","","-5","37","","","-0.01","2","16","CLR:00","30.27","","15.53","","340","","16","","","","","","","","","","","","","","","","","","","","","","","","","","","","","","","","","","","","","","","","","","","","","","","","","","","","","","","","","","","","","","","","","","","","","","","","","","","","","","","","","","","","","","","","","","","SYN054AAXX  04091 53478 42975 03407 10028 21206 40249 52002;","","","","","","","","","",""
"53478099999","2000-04-05T05:00:00","40.167","112.333","1212.0","YOU YU, CH","FM-12","4","","-5","11","","","+0.03","7","47","CLR:00","30.41","","15.53","","000","","0","","","","","","","","","","","","","","","","","","","","","","","","","","","","","","","","","","","","","","","","","","","","","","","","","","","","","","","","","","","","","","","","","","","","","","","","","","","","","","","","","","","","","","","","","","","SYN054AAXX  04211 53478 42975 00000 11116 21208 40299 57011;","","","","","","","","","",""
"53478099999","2000-04-05T17:00:00","40.167","112.333","1212.0","YOU YU, CH","FM-12","4","","7","50","","","+0.09","7","17","CLR:00","30.11","","15.53","","270","","20","","","","","","","","","","","","","","","","","","","","","","","","","","","","","","","","","","","","","","","","","","","","","","","","","","","","","","","","","","","","","","","","","","","","","","","","","","","","","","","","","","","","","","","","","","","SYN054AAXX  05091 53478 42975 02709 10099 21138 40196 57029;","","","","","","","","","",""
"53478099999","2000-10-28T14:00:00","40.167","112.333","1212.0","YOU YU, CH","FM-12","4","","25","48","","","+0.04","7","41","","30.30","","12.43","","340","","9","","","","","","","","","","","","","","","","","","","","","","","","","","","","","","","","","","","","","","","","","","","","","","","","","","","","","","","","","","","","","","","","","","","","","","","","","","","","","","","","","","","","","","","","","","","SYN070AAXX  28061 53478 32570 73404 10087 21038 40260 57015 85102 333 21006;","","","","","","","","","",""
