"STATION","DATE","LATITUDE","LONGITUDE","ELEVATION","NAME","REPORT_TYPE","SOURCE","HourlyAltimeterSetting","HourlyDewPointTemperature","HourlyDryBulbTemperature","HourlyPrecipitation","HourlyPresentWeatherType","HourlyPressureChange","HourlyPressureTendency","HourlyRelativeHumidity","HourlySkyConditions","HourlySeaLevelPressure","HourlyStationPressure","HourlyVisibility","HourlyWetBulbTemperature","HourlyWindDirection","HourlyWindGustSpeed","HourlyWindSpeed","Sunrise","Sunset","DailyAverageDewPointTemperature","DailyAverageDryBulbTemperature","DailyAverageRelativeHumidity","DailyAverageSeaLevelPressure","DailyAverageStationPressure","DailyAverageWetBulbTemperature","DailyAverageWindSpeed","DailyCoolingDegreeDays","DailyDepartureFromNormalAverageTemperature","DailyHeatingDegreeDays","DailyMaximumDryBulbTemperature","DailyMinimumDryBulbTemperature","DailyPeakWindDirection","DailyPeakWindSpeed","DailyPrecipitation","DailySnowDepth","DailySnowfall","DailySustainedWindDirection","DailySustainedWindSpeed","DailyWeather","MonthlyAverageRH","MonthlyDaysWithGT001Precip","MonthlyDaysWithGT010Precip","MonthlyDaysWithGT32Temp","MonthlyDaysWithGT90Temp","MonthlyDaysWithLT0Temp","MonthlyDaysWithLT32Temp","MonthlyDepartureFromNormalAverageTemperature","MonthlyDepartureFromNormalCoolingDegreeDays","MonthlyDepartureFromNormalHeatingDegreeDays","MonthlyDepartureFromNormalMaximumTemperature","MonthlyDepartureFromNormalMinimumTemperature","MonthlyDepartureFromNormalPrecipitation","MonthlyDewpointTemperature","MonthlyGreatestPrecip","MonthlyGreatestPrecipDate","MonthlyGreatestSnowDepth","MonthlyGreatestSnowDepthDate","MonthlyGreatestSnowfall","MonthlyGreatestSnowfallDate","MonthlyMaxSeaLevelPressureValue","MonthlyMaxSeaLevelPressureValueDate","MonthlyMaxSeaLevelPressureValueTime","MonthlyMaximumTemperature","MonthlyMeanTemperature","MonthlyMinSeaLevelPressureValue","MonthlyMinSeaLevelPressureValueDate","MonthlyMinSeaLevelPressureValueTime","MonthlyMinimumTemperature","MonthlySeaLevelPressure","MonthlyStationPressure","MonthlyTotalLiquidPrecipitation","MonthlyTotalSnowfall","MonthlyWetBulb","AWND","CDSD","CLDD","DSNW","HDSD","HTDD","DYTS","DYHF","NormalsCoolingDegreeDay","NormalsHeatingDegreeDay","ShortDurationEndDate005","ShortDurationEndDate010","ShortDurationEndDate015","ShortDurationEndDate020","ShortDurationEndDate030","ShortDurationEndDate045","ShortDurationEndDate060","ShortDurationEndDate080","ShortDurationEndDate100","ShortDurationEndDate120","ShortDurationEndDate150","ShortDurationEndDate180","ShortDurationPrecipitationValue005","ShortDurationPrecipitationValue010","ShortDurationPrecipitationValue015","ShortDurationPrecipitationValue020","ShortDurationPrecipitationValue030","ShortDurationPrecipitationValue045","ShortDurationPrecipitationValue060","ShortDurationPrecipitationValue080","ShortDurationPrecipitationValue100","ShortDurationPrecipitationValue120","ShortDurationPrecipitationValue150","ShortDurationPrecipitationValue180","REM","BackupDirection","BackupDistance","BackupDistanceUnit","BackupElements","BackupElevation","BackupEquipment","BackupLatitude","BackupLongitude","BackupName","WindEquipmentChangeDate"
"26447099999","1928-01-02T08:00:00","56.85","26.2333333","133.0","MADONA, LG","FM-12","4","","","18","","","+0.02","8","","","30.57","","6.21","","270","","6","","","","","","","","","","","","","","","","","","","","","","","","","","","","","","","","","","","","","","","","","","","","","","","","","","","","","","","","","","","","","","","","","","","","","","","","","","","","","","","","","","","","","","","","","","","","","","","","","","","","",""
"26447099999","1928-01-03T08:00:00","56.85","26.2333333","133.0","MADONA, LG","FM-12","4","","","14","","","+0.04","8","","","30.34","","12.43","","230","","10","","","","","","","","","","","","","","","","","","","","","","","","","","","","","","","","","","","","","","","","","","","","","","","","","","","","","","","","","","","","","","","","","","","","","","","","","","","","","","","","","","","","","","","","","","","","","","","","","","","","",""
"26447099999","1928-01-04T08:00:00","56.85","26.2333333","133.0","MADONA, LG","FM-12","4","","","10","","","+0.04","8","","","30.12","","12.43","","230","","10","","","","","","","","","","","","","","","","","","","","","","","","","","","","","","","","","","","","","","","","","","","","","","","","","","","","","","","","","","","","","","","","","","","","","","","","","","","","","","","","","","","","","","","","","","","","","","","","","","","","",""
"26447099999","1928-01-05T08:00:00","56.85","26.2333333","133.0","MADONA, LG","FM-12","4","","","25","","","+0.12","7","","","29.45","","0.62","","180","","21","","","","","","","","","","","","","","","","","","","","","","","","","","","","","","","","","","","","","","","","","","","","","","","","","","","","","","","","","","","","","","","","","","","","","","","","","","","","","","","","","","","","","","","","","","","","","","","","","","","","",""
"26447099999","1928-01-06T08:00:00","56.85","26.2333333","133.0","MADONA, LG","FM-12","4","","","34","","","-0.02","2","","","29.21","","6.21","","230","","15","","","","","","","","","","","","","","","","","","","","","","","","","","","","","","","","","","","","","","","","","","","","","","","","","","","","","","","","","","","","","","","","","","","","","","","","","","","","","","","","","","","","","","","","","","","","","","","","","","","","",""
"26447099999","1928-01-09T08:00:00","56.85","26.2333333","133.0","MADONA, LG","FM-12","4","","","25","","","+0.04","8","","","29.49","","6.21","","180","","15","","","","","","","","","","","","","","","","","","","","","","","","","","","","","","","","","","","","","","","","","","","","","","","","","","","","","","","","","","","","","","","","","","","","","","","","","","","","","","","","","","","","","","","","","","","","","","","","","","","","",""
"26447099999","1928-01-10T08:00:00","56.85","26.2333333","133.0","MADONA, LG","FM-12","4","","","34","","","-0.06","2","","","29.66","","6.21","","250","","15","","","","","","","","","","","","","","","","","","","","","","","","","","","","","","","","","","","","","","","","","","","","","","","","","","","","","","","","","","","","","","","","","","","","","","","","","","","","","","","","","","","","","","","","","","","","","","","","","","","","",""
"26447099999","1928-01-11T08:00:00","56.85","26.2333333","133.0","MADONA, LG","FM-12","4","","","34","","","","","","","29.80","","6.21","","230","","15","","","","","","","","","","","","","","","","","","","","","","","","","","","","","","","","","","","","","","","","","","","","","","","","","","","","","","","","","","","","","","","","","","","","","","","","","","","","","","","","","","","","","","","","","","","","","","","","","","","","",""
"26447099999","1928-01-13T08:00:00","56.85","26.2333333","133.0","MADONA, LG","FM-12","4","","","34","","","","","","","29.72","","6.21","","230","","21","","","","","","","","","","","","","","","","","","","","","","","","","","","","","","","","","","","","","","","","","","","","","","","","","","","","","","","","","","","","","","","","","","","","","","","","","","","","","","","","","","","","","","","","","","","","","","","","","","","","",""
"26447099999","1928-01-14T08:00:00","56.85","26.2333333","133.0","MADONA, LG","FM-12","4","","","36","","","-0.02","2","","","29.41","","2.49","","200","","15","","","","","","","","","","","","","","","","","","","","","","","","","","","","","","","","","","","","","","","","","","","","","","","","","","","","","","","","","","","","","","","","","","","","","","","","","","","","","","","","","","","","","","","","","","","","","","","","","","","","",""
"26447099999","1928-01-16T08:00:00","56.85","26.2333333","133.0","MADONA, LG","FM-12","4","","","32","","","+0.04","8","","","29.57","","6.21","","160","","2","","","","","","","","","","","","","","","","","","","","","","","","","","","","","","","","","","","","","","","","","","","","","","","","","","","","","","","","","","","","","","","","","","","","","","","","","","","","","","","","","","","","","","","","","","","","","","","","","","","","",""
"26447099999","1928-01-17T08:00:00","56.85","26.2333333","133.0","MADONA, LG","FM-12","4","","","9","","","-0.08","2","","","30.07","","12.43","","340","","2","","","","","","","","","","","","","","","","","","","","","","","","","","","","","","","","","","","","","","","","","","","","","","","","","","","","","","","","","","","","","","","","","","","","","","","","","","","","","","","","","","","","","","","","","","","","","","","","","","","","",""
"26447099999","1928-01-18T08:00:00","56.85","26.2333333","133.0","MADONA, LG","FM-12","4","","","0","","","-0.04","3","","","30.45","","2.49","","050","","6","","","","","","","","","","","","","","","","","","","","","","","","","","","","","","","","","","","","","","","","","","","","","","","","","","","","","","","","","","","","","","","","","","","","","","","","","","","","","","","","","","","","","","","","","","","","","","","","","","","","",""
"26447099999","1928-01-19T08:00:00","56.85","26.2333333","133.0","MADONA, LG","FM-12","4","","","-11","","","0.00","4","","","30.63","","12.43","","340","","2","","","","","","","","","","","","","","","","","","","","","","","","","","","","","","","","","","","","","","","","","","","","","","","","","","","","","","","","","","","","","","","","","","","","","","","","","","","","","","","","","","","","","","","","","","","","","","","","","","","","",""
"26447099999","1928-01-20T08:00:00","56.85","26.2333333","133.0","MADONA, LG","FM-12","4","","","0","","","","","","","30.50","","6.21","","110","","6","","","","","","","","","","","","","","","","","","","","","","","","","","","","","","","","","","","","","","","","","","","","","","","","","","","","","","","","","","","","","","","","","","","","","","","","","","","","","","","","","","","","","","","","","","","","","","","","","","","","",""
"26447099999","1928-01-21T08:00:00","56.85","26.2333333","133.0","MADONA, LG","FM-12","4","","","19","","","-0.04","2","","","30.50","","6.21","","180","","6","","","","","","","","","","","","","","","","","","","","","","","","","","","","","","","","","","","","","","","","","","","","","","","","","","","","","","","","","","","","","","","","","","","","","","","","","","","","","","","","","","","","","","","","","","","","","","","","","","","","",""
"26447099999","1928-01-22T08:00:00","56.85","26.2333333","133.0","MADONA, LG","FM-12","4","","","12","","","-0.02","2","","","30.58","","6.21","","140","","6","","","","","","","","","","","","","","","","","","","","","","","","","","","","","","","","","","","","","","","","","","","","","","","","","","","","","","","","","","","","","","","","","","","","","","","","","","","","","","","","","","","","","","","","","","","","","","","","","","","","",""
"26447099999","1928-01-24T08:00:00","56.85","26.2333333","133.0","MADONA, LG","FM-12","4","","","9","","","+0.02","8","","","30.37","","6.21","","140","","10","","","","","","","","","","","","","","","","","","","","","","","","","","","","","","","","","","","","","","","","","","","","","","","","","","","","","","","","","","","","","","","","","","","","","","","","","","","","","","","","","","","","","","","","","","","","","","","","","","","","",""
"26447099999","1928-01-25T08:00:00","56.85","26.2333333","133.0","MADONA, LG","FM-12","4","","","28","","","+0.10","7","","","29.87","","2.49","","180","","28","","","","","","","","","","","","","","","","","","","","","","","","","","","","","","","","","","","","","","","","","","","","","","","","","","","","","","","","","","","","","","","","","","","","","","","","","","","","","","","","","","","","","","","","","","","","","","","","","","","","",""
"26447099999","1928-01-27T08:00:00","56.85","26.2333333","133.0","MADONA, LG","FM-12","4","","","32","","","-0.04","2","","","","","6.21","","230","","15","","","","","","","","","","","","","","","","","","","","","","","","","","","","","","","","","","","","","","","","","","","","","","","","","","","","","","","","","","","","","","","","","","","","","","","","","","","","","","","","","","","","","","","","","","","","","","","","","","","","",""
"26447099999","1928-01-28T08:00:00","56.85","26.2333333","133.0","MADONA, LG","FM-12","4","","","21","","","+0.02","8","","","30.27","","6.21","","180","","10","","","","","","","","","","","","","","","","","","","","","","","","","","","","","","","","","","","","","","","","","","","","","","","","","","","","","","","","","","","","","","","","","","","","","","","","","","","","","","","","","","","","","","","","","","","","","","","","","","","","",""
"26447099999","1928-01-31T08:00:00","56.85","26.2333333","133.0","MADONA, LG","FM-12","4","","","18","","","-0.02","2","","","30.18","","0.62","","230","","6","","","","","","","","","","","","","","","","","","","","","","","","","","","","","","","","","","","","","","","","","","","","","","","","","","","","","","","","","","","","","","","","","","","","","","","","","","","","","","","","","","","","","","","","","","","","","","","","","","","","",""
"26447099999","1928-02-04T08:00:00","56.85","26.2333333","133.0","MADONA, LG","FM-12","4","","","3","","","-0.04","2","","","30.69","","6.21","","200","","6","","","","","","","","","","","","","","","","","","","","","","","","","","","","","","","","","","","","","","","","","","","","","","","","","","","","","","","","","","","","","","","","","","","","","","","","","","","","","","","","","","","","","","","","","","","","","","","","","","","","",""
"26447099999","1928-02-05T08:00:00","56.85","26.2333333","133.0","MADONA, LG","FM-12","4","","","5","","","+0.04","8","","","30.68","","6.21","","180","","6","","","","","","","","","","","","","","","","","","","","","","","","","","","","","","","","","","","","","","","","","","","","","","","","","","","","","","","","","","","","","","","","","","","","","","","","","","","","","","","","","","","","","","","","","","","","","","","","","","","","",""
"26447099999","1928-02-06T08:00:00","56.85","26.2333333","133.0","MADONA, LG","FM-12","4","","","16","","","+0.08","8","","","30.24","","6.21","","180","","10","","","","","","","","","","","","","","","","","","","","","","","","","","","","","","","","","","","","","","","","","","","","","","","","","","","","","","","","","","","","","","","","","","","","","","","","","","","","","","","","","","","","","","","","","","","","","","","","","","","","",""
"26447099999","1928-02-10T08:00:00","56.85","26.2333333","133.0","MADONA, LG","FM-12","4","","","36","","","+0.08","7","","","29.09","","6.21","","230","","43","","","","","","","","","","","","","","","","","","","","","","","","","","","","","","","","","","","","","","","","","","","","","","","","","","","","","","","","","","","","","","","","","","","","","","","","","","","","","","","","","","","","","","","","","","","","","","","","","","","","",""
"26447099999","1928-02-11T08:00:00","56.85","26.2333333","133.0","MADONA, LG","FM-12","4","","","27","","","-0.04","2","","","29.37","","12.43","","230","","6","","","","","","","","","","","","","","","","","","","","","","","","","","","","","","","","","","","","","","","","","","","","","","","","","","","","","","","","","","","","","","","","","","","","","","","","","","","","","","","","","","","","","","","","","","","","","","","","","","","","",""
"26447099999","1928-02-13T08:00:00","56.85","26.2333333","133.0","MADONA, LG","FM-12","4","","","28","","","-0.08","2","","","29.46","","6.21","","250","","15","","","","","","","","","","","","","","","","","","","","","","","","","","","","","","","","","","","","","","","","","","","","","","","","","","","","","","","","","","","","","","","","","","","","","","","","","","","","","","","","","","","","","","","","","","","","","","","","","","","","",""
"26447099999","1928-02-14T08:00:00","56.85","26.2333333","133.0","MADONA, LG","FM-12","4","","","27","","","","","","","29.49","","6.21","","340","","10","","","","","","","","","","","","","","","","","","","","","","","","","","","","","","","","","","","","","","","","","","","","","","","","","","","","","","","","","","","","","","","","","","","","","","","","","","","","","","","","","","","","","","","","","","","","","","","","","","","","",""
"26447099999","1928-02-15T08:00:00","56.85","26.2333333","133.0","MADONA, LG","FM-12","4","","","19","","","-0.08","2","","","29.91","","6.21","","320","","2","","","","","","","","","","","","","","","","","","","","","","","","","","","","","","","","","","","","","","","","","","","","","","","","","","","","","","","","","","","","","","","","","","","","","","","","","","","","","","","","","","","","","","","","","","","","","","","","","","","","",""
"26447099999","1928-02-17T08:00:00","56.85","26.2333333","133.0","MADONA, LG","FM-12","4","","","","","","+0.08","7","","","","","0.62","","","","","","","","","","","","","","","","","","","","","","","","","","","","","","","","","","","","","","","","","","","","","","","","","","","","","","","","","","","","","","","","","","","","","","","","","","","","","","","","","","","","","","","","","","","","","","","","","","","","","","","","",""
"26447099999","1928-02-23T08:00:00","56.85","26.2333333","133.0","MADONA, LG","FM-12","4","","","12","","","-0.02","2","","","30.47","","6.21","","320","","2","","","","","","","","","","","","","","","","","","","","","","","","","","","","","","","","","","","","","","","","","","","","","","","","","","","","","","","","","","","","","","","","","","","","","","","","","","","","","","","","","","","","","","","","","","","","","","","","","","","","",""
"26447099999","1928-02-24T08:00:00","56.85","26.2333333","133.0","MADONA, LG","FM-12","4","","","14","","","-0.04","2","","","30.64","","6.21","","270","","2","","","","","","","","","","","","","","","","","","","","","","","","","","","","","","","","","","","","","","","","","","","","","","","","","","","","","","","","","","","","","","","","","","","","","","","","","","","","","","","","","","","","","","","","","","","","","","","","","","","","",""
"26447099999","1928-02-25T08:00:00","56.85","26.2333333","133.0","MADONA, LG","FM-12","4","","","28","","","+0.02","8","","","30.68","","6.21","","290","","6","","","","","","","","","","","","","","","","","","","","","","","","","","","","","","","","","","","","","","","","","","","","","","","","","","","","","","","","","","","","","","","","","","","","","","","","","","","","","","","","","","","","","","","","","","","","","","","","","","","","",""
"26447099999","1928-02-27T08:00:00","56.85","26.2333333","133.0","MADONA, LG","FM-12","4","","","21","","||FG","-0.08","2","","","30.48","","0.31","","320","","2","","","","","","","","","","","","","","","","","","","","","","","","","","","","","","","","","","","","","","","","","","","","","","","","","","","","","","","","","","","","","","","","","","","","","","","","","","","","","","","","","","","","","","","","","","","","","","","","","","","","",""
"26447099999","1928-02-28T08:00:00","56.85","26.2333333","133.0","MADONA, LG","FM-12","4","","","10","","||FG","-0.04","2","","","30.63","","0.31","","270","","2","","","","","","","","","","","","","","","","","","","","","","","","","","","","","","","","","","","","","","","","","","","","","","","","","","","","","","","","","","","","","","","","","","","","","","","","","","","","","","","","","","","","","","","","","","","","","","","","","","","","",""
"26447099999","1928-02-29T08:00:00","56.85","26.2333333","133.0","MADONA, LG","FM-12","4","","","21","","","","","","","30.60","","2.49","","270","","6","","","","","","","","","","","","","","","","","","","","","","","","","","","","","","","","","","","","","","","","","","","","","","","","","","","","","","","","","","","","","","","","","","","","","","","","","","","","","","","","","","","","","","","","","","","","","","","","","","","","",""
