"STATION","DATE","LATITUDE","LONGITUDE","ELEVATION","NAME","REPORT_TYPE","SOURCE","HourlyAltimeterSetting","HourlyDewPointTemperature","HourlyDryBulbTemperature","HourlyPrecipitation","HourlyPresentWeatherType","HourlyPressureChange","HourlyPressureTendency","HourlyRelativeHumidity","HourlySkyConditions","HourlySeaLevelPressure","HourlyStationPressure","HourlyVisibility","HourlyWetBulbTemperature","HourlyWindDirection","HourlyWindGustSpeed","HourlyWindSpeed","Sunrise","Sunset","DailyAverageDewPointTemperature","DailyAverageDryBulbTemperature","DailyAverageRelativeHumidity","DailyAverageSeaLevelPressure","DailyAverageStationPressure","DailyAverageWetBulbTemperature","DailyAverageWindSpeed","DailyCoolingDegreeDays","DailyDepartureFromNormalAverageTemperature","DailyHeatingDegreeDays","DailyMaximumDryBulbTemperature","DailyMinimumDryBulbTemperature","DailyPeakWindDirection","DailyPeakWindSpeed","DailyPrecipitation","DailySnowDepth","DailySnowfall","DailySustainedWindDirection","DailySustainedWindSpeed","DailyWeather","MonthlyAverageRH","MonthlyDaysWithGT001Precip","MonthlyDaysWithGT010Precip","MonthlyDaysWithGT32Temp","MonthlyDaysWithGT90Temp","MonthlyDaysWithLT0Temp","MonthlyDaysWithLT32Temp","MonthlyDepartureFromNormalAverageTemperature","MonthlyDepartureFromNormalCoolingDegreeDays","MonthlyDepartureFromNormalHeatingDegreeDays","MonthlyDepartureFromNormalMaximumTemperature","MonthlyDepartureFromNormalMinimumTemperature","MonthlyDepartureFromNormalPrecipitation","MonthlyDewpointTemperature","MonthlyGreatestPrecip","MonthlyGreatestPrecipDate","MonthlyGreatestSnowDepth","MonthlyGreatestSnowDepthDate","MonthlyGreatestSnowfall","MonthlyGreatestSnowfallDate","MonthlyMaxSeaLevelPressureValue","MonthlyMaxSeaLevelPressureValueDate","MonthlyMaxSeaLevelPressureValueTime","MonthlyMaximumTemperature","MonthlyMeanTemperature","MonthlyMinSeaLevelPressureValue","MonthlyMinSeaLevelPressureValueDate","MonthlyMinSeaLevelPressureValueTime","MonthlyMinimumTemperature","MonthlySeaLevelPressure","MonthlyStationPressure","MonthlyTotalLiquidPrecipitation","MonthlyTotalSnowfall","MonthlyWetBulb","AWND","CDSD","CLDD","DSNW","HDSD","HTDD","DYTS","DYHF","NormalsCoolingDegreeDay","NormalsHeatingDegreeDay","ShortDurationEndDate005","ShortDurationEndDate010","ShortDurationEndDate015","ShortDurationEndDate020","ShortDurationEndDate030","ShortDurationEndDate045","ShortDurationEndDate060","ShortDurationEndDate080","ShortDurationEndDate100","ShortDurationEndDate120","ShortDurationEndDate150","ShortDurationEndDate180","ShortDurationPrecipitationValue005","ShortDurationPrecipitationValue010","ShortDurationPrecipitationValue015","ShortDurationPrecipitationValue020","ShortDurationPrecipitationValue030","ShortDurationPrecipitationValue045","ShortDurationPrecipitationValue060","ShortDurationPrecipitationValue080","ShortDurationPrecipitationValue100","ShortDurationPrecipitationValue120","ShortDurationPrecipitationValue150","ShortDurationPrecipitationValue180","REM","BackupDirection","BackupDistance","BackupDistanceUnit","BackupElements","BackupElevation","BackupEquipment","BackupLatitude","BackupLongitude","BackupName","WindEquipmentChangeDate"
"82280099999","1944-01-03T21:00:00","-2.5333333","-44.3","51.0","SAO LUIZ, BR","FM-12","4","","","81","","||FG","","","","","29.86","","","","050","","10","","","","","","","","","","","","","","","","","","","","","","","","","","","","","","","","","","","","","","","","","","","","","","","","","","","","","","","","","","","","","","","","","","","","","","","","","","","","","","","","","","","","","","","","","","","","","","","","","","","","",""
"82280099999","1944-01-07T21:00:00","-2.5333333","-44.3","51.0","SAO LUIZ, BR","FM-12","4","","","81","","||FG","","","","","29.88","","","","000","","0","","","","","","","","","","","","","","","","","","","","","","","","","","","","","","","","","","","","","","","","","","","","","","","","","","","","","","","","","","","","","","","","","","","","","","","","","","","","","","","","","","","","","","","","","","","","","","","","","","","","",""
"82280099999","1944-01-08T21:00:00","-2.5333333","-44.3","51.0","SAO LUIZ, BR","FM-12","4","","","79","","||FG","","","","","29.85","","","","000","","0","","","","","","","","","","","","","","","","","","","","","","","","","","","","","","","","","","","","","","","","","","","","","","","","","","","","","","","","","","","","","","","","","","","","","","","","","","","","","","","","","","","","","","","","","","","","","","","","","","","","",""
"82280099999","1944-01-16T21:00:00","-2.5333333","-44.3","51.0","SAO LUIZ, BR","FM-12","4","","","79","","||FG","","","","","29.91","","","","000","","0","","","","","","","","","","","","","","","","","","","","","","","","","","","","","","","","","","","","","","","","","","","","","","","","","","","","","","","","","","","","","","","","","","","","","","","","","","","","","","","","","","","","","","","","","","","","","","","","","","","","",""
"82280099999","1944-01-19T21:00:00","-2.5333333","-44.3","51.0","SAO LUIZ, BR","FM-12","4","","","79","","||FG","","","","","29.80","","","","000","","0","","","","","","","","","","","","","","","","","","","","","","","","","","","","","","","","","","","","","","","","","","","","","","","","","","","","","","","","","","","","","","","","","","","","","","","","","","","","","","","","","","","","","","","","","","","","","","","","","","","","",""
"82280099999","1944-01-20T21:00:00","-2.5333333","-44.3","51.0","SAO LUIZ, BR","FM-12","4","","","75","","||FG","","","","","29.97","","","","050","","2","","","","","","","","","","","","","","","","","","","","","","","","","","","","","","","","","","","","","","","","","","","","","","","","","","","","","","","","","","","","","","","","","","","","","","","","","","","","","","","","","","","","","","","","","","","","","","","","","","","","",""
"82280099999","1944-01-21T21:00:00","-2.5333333","-44.3","51.0","SAO LUIZ, BR","FM-12","4","","","75","","||FG","","","","","29.89","","","","000","","0","","","","","","","","","","","","","","","","","","","","","","","","","","","","","","","","","","","","","","","","","","","","","","","","","","","","","","","","","","","","","","","","","","","","","","","","","","","","","","","","","","","","","","","","","","","","","","","","","","","","",""
"82280099999","1944-01-23T21:00:00","-2.5333333","-44.3","51.0","SAO LUIZ, BR","FM-12","4","","","75","","||RA","","","","","29.85","","","","000","","0","","","","","","","","","","","","","","","","","","","","","","","","","","","","","","","","","","","","","","","","","","","","","","","","","","","","","","","","","","","","","","","","","","","","","","","","","","","","","","","","","","","","","","","","","","","","","","","","","","","","",""
"82280099999","1944-01-24T21:00:00","-2.5333333","-44.3","51.0","SAO LUIZ, BR","FM-12","4","","","77","","||FG","","","","","29.89","","","","000","","0","","","","","","","","","","","","","","","","","","","","","","","","","","","","","","","","","","","","","","","","","","","","","","","","","","","","","","","","","","","","","","","","","","","","","","","","","","","","","","","","","","","","","","","","","","","","","","","","","","","","",""
"82280099999","1944-01-25T21:00:00","-2.5333333","-44.3","51.0","SAO LUIZ, BR","FM-12","4","","","73","","||FG","","","","","29.87","","","","000","","0","","","","","","","","","","","","","","","","","","","","","","","","","","","","","","","","","","","","","","","","","","","","","","","","","","","","","","","","","","","","","","","","","","","","","","","","","","","","","","","","","","","","","","","","","","","","","","","","","","","","",""
"82280099999","1944-01-27T21:00:00","-2.5333333","-44.3","51.0","SAO LUIZ, BR","FM-12","4","","","75","","||FG","","","","","29.85","","","","","","","","","","","","","","","","","","","","","","","","","","","","","","","","","","","","","","","","","","","","","","","","","","","","","","","","","","","","","","","","","","","","","","","","","","","","","","","","","","","","","","","","","","","","","","","","","","","","","","","","","","",""
"82280099999","1944-01-28T21:00:00","-2.5333333","-44.3","51.0","SAO LUIZ, BR","FM-12","4","","","79","","||FG","","","","","29.83","","","","000","","0","","","","","","","","","","","","","","","","","","","","","","","","","","","","","","","","","","","","","","","","","","","","","","","","","","","","","","","","","","","","","","","","","","","","","","","","","","","","","","","","","","","","","","","","","","","","","","","","","","","","",""
"82280099999","1944-01-30T21:00:00","-2.5333333","-44.3","51.0","SAO LUIZ, BR","FM-12","4","","","79","","||FG","","","","","29.86","","","","000","","0","","","","","","","","","","","","","","","","","","","","","","","","","","","","","","","","","","","","","","","","","","","","","","","","","","","","","","","","","","","","","","","","","","","","","","","","","","","","","","","","","","","","","","","","","","","","","","","","","","","","",""
"82280099999","1944-02-01T21:00:00","-2.5333333","-44.3","51.0","SAO LUIZ, BR","FM-12","4","","","79","","||FG","","","","","29.85","","","","","","","","","","","","","","","","","","","","","","","","","","","","","","","","","","","","","","","","","","","","","","","","","","","","","","","","","","","","","","","","","","","","","","","","","","","","","","","","","","","","","","","","","","","","","","","","","","","","","","","","","","",""
"82280099999","1944-02-02T21:00:00","-2.5333333","-44.3","51.0","SAO LUIZ, BR","FM-12","4","","","81","","||FG","","","","","29.83","","","","000","","0","","","","","","","","","","","","","","","","","","","","","","","","","","","","","","","","","","","","","","","","","","","","","","","","","","","","","","","","","","","","","","","","","","","","","","","","","","","","","","","","","","","","","","","","","","","","","","","","","","","","",""
"82280099999","1944-02-03T21:00:00","-2.5333333","-44.3","51.0","SAO LUIZ, BR","FM-12","4","","","79","","||FG","","","","","29.86","","","","000","","0","","","","","","","","","","","","","","","","","","","","","","","","","","","","","","","","","","","","","","","","","","","","","","","","","","","","","","","","","","","","","","","","","","","","","","","","","","","","","","","","","","","","","","","","","","","","","","","","","","","","",""
"82280099999","1944-02-05T21:00:00","-2.5333333","-44.3","51.0","SAO LUIZ, BR","FM-12","4","","","79","","||FG","","","","","29.85","","","","000","","0","","","","","","","","","","","","","","","","","","","","","","","","","","","","","","","","","","","","","","","","","","","","","","","","","","","","","","","","","","","","","","","","","","","","","","","","","","","","","","","","","","","","","","","","","","","","","","","","","","","","",""
"82280099999","1944-02-06T21:00:00","-2.5333333","-44.3","51.0","SAO LUIZ, BR","FM-12","4","","","82","","||FG","","","","","29.83","","","","000","","0","","","","","","","","","","","","","","","","","","","","","","","","","","","","","","","","","","","","","","","","","","","","","","","","","","","","","","","","","","","","","","","","","","","","","","","","","","","","","","","","","","","","","","","","","","","","","","","","","","","","",""
"82280099999","1944-02-07T21:00:00","-2.5333333","-44.3","51.0","SAO LUIZ, BR","FM-12","4","","","81","","||FG","","","","","29.82","","","","050","","6","","","","","","","","","","","","","","","","","","","","","","","","","","","","","","","","","","","","","","","","","","","","","","","","","","","","","","","","","","","","","","","","","","","","","","","","","","","","","","","","","","","","","","","","","","","","","","","","","","","","",""
"82280099999","1944-02-08T21:00:00","-2.5333333","-44.3","51.0","SAO LUIZ, BR","FM-12","4","","","81","","||FG","","","","","29.82","","","","000","","0","","","","","","","","","","","","","","","","","","","","","","","","","","","","","","","","","","","","","","","","","","","","","","","","","","","","","","","","","","","","","","","","","","","","","","","","","","","","","","","","","","","","","","","","","","","","","","","","","","","","",""
"82280099999","1944-02-09T21:00:00","-2.5333333","-44.3","51.0","SAO LUIZ, BR","FM-12","4","","","81","","||FG","","","","","29.84","","","","000","","0","","","","","","","","","","","","","","","","","","","","","","","","","","","","","","","","","","","","","","","","","","","","","","","","","","","","","","","","","","","","","","","","","","","","","","","","","","","","","","","","","","","","","","","","","","","","","","","","","","","","",""
"82280099999","1944-02-11T21:00:00","-2.5333333","-44.3","51.0","SAO LUIZ, BR","FM-12","4","","","81","","||FG","","","","","29.82","","","","000","","0","","","","","","","","","","","","","","","","","","","","","","","","","","","","","","","","","","","","","","","","","","","","","","","","","","","","","","","","","","","","","","","","","","","","","","","","","","","","","","","","","","","","","","","","","","","","","","","","","","","","",""
"82280099999","1944-02-16T21:00:00","-2.5333333","-44.3","51.0","SAO LUIZ, BR","FM-12","4","","","82","","||DZ","","","","","29.86","","","","000","","0","","","","","","","","","","","","","","","","","","","","","","","","","","","","","","","","","","","","","","","","","","","","","","","","","","","","","","","","","","","","","","","","","","","","","","","","","","","","","","","","","","","","","","","","","","","","","","","","","","","","",""
"82280099999","1944-02-19T21:00:00","-2.5333333","-44.3","51.0","SAO LUIZ, BR","FM-12","4","","","79","","||FG","","","","","29.85","","","","000","","0","","","","","","","","","","","","","","","","","","","","","","","","","","","","","","","","","","","","","","","","","","","","","","","","","","","","","","","","","","","","","","","","","","","","","","","","","","","","","","","","","","","","","","","","","","","","","","","","","","","","",""
"82280099999","1944-02-21T21:00:00","-2.5333333","-44.3","51.0","SAO LUIZ, BR","FM-12","4","","","79","","||FG","","","","","29.89","","","","000","","0","","","","","","","","","","","","","","","","","","","","","","","","","","","","","","","","","","","","","","","","","","","","","","","","","","","","","","","","","","","","","","","","","","","","","","","","","","","","","","","","","","","","","","","","","","","","","","","","","","","","",""
"82280099999","1944-02-22T21:00:00","-2.5333333","-44.3","51.0","SAO LUIZ, BR","FM-12","4","","","75","","||FG","","","","","29.87","","","","000","","0","","","","","","","","","","","","","","","","","","","","","","","","","","","","","","","","","","","","","","","","","","","","","","","","","","","","","","","","","","","","","","","","","","","","","","","","","","","","","","","","","","","","","","","","","","","","","","","","","","","","",""
"82280099999","1944-02-26T21:00:00","-2.5333333","-44.3","51.0","SAO LUIZ, BR","FM-12","4","","","81","","||FG","","","","","29.87","","","","000","","0","","","","","","","","","","","","","","","","","","","","","","","","","","","","","","","","","","","","","","","","","","","","","","","","","","","","","","","","","","","","","","","","","","","","","","","","","","","","","","","","","","","","","","","","","","","","","","","","","","","","",""
"82280099999","1944-02-27T21:00:00","-2.5333333","-44.3","51.0","SAO LUIZ, BR","FM-12","4","","","77","","||FG","","","","","29.86","","","","000","","0","","","","","","","","","","","","","","","","","","","","","","","","","","","","","","","","","","","","","","","","","","","","","","","","","","","","","","","","","","","","","","","","","","","","","","","","","","","","","","","","","","","","","","","","","","","","","","","","","","","","",""
"82280099999","1944-02-28T21:00:00","-2.5333333","-44.3","51.0","SAO LUIZ, BR","FM-12","4","","","81","","||FG","","","","","29.84","","","","000","","0","","","","","","","","","","","","","","","","","","","","","","","","","","","","","","","","","","","","","","","","","","","","","","","","","","","","","","","","","","","","","","","","","","","","","","","","","","","","","","","","","","","","","","","","","","","","","","","","","","","","",""
"82280099999","1944-02-29T21:00:00","-2.5333333","-44.3","51.0","SAO LUIZ, BR","FM-12","4","","","81","","||FG","","","","","29.88","","","","000","","0","","","","","","","","","","","","","","","","","","","","","","","","","","","","","","","","","","","","","","","","","","","","","","","","","","","","","","","","","","","","","","","","","","","","","","","","","","","","","","","","","","","","","","","","","","","","","","","","","","","","",""
"82280099999","1944-03-01T21:00:00","-2.5333333","-44.3","51.0","SAO LUIZ, BR","FM-12","4","","","81","","||FG","","","","","29.84","","","","000","","0","","","","","","","","","","","","","","","","","","","","","","","","","","","","","","","","","","","","","","","","","","","","","","","","","","","","","","","","","","","","","","","","","","","","","","","","","","","","","","","","","","","","","","","","","","","","","","","","","","","","",""
"82280099999","1944-03-02T21:00:00","-2.5333333","-44.3","51.0","SAO LUIZ, BR","FM-12","4","","","82","","||FG","","","","","29.85","","","","000","","0","","","","","","","","","","","","","","","","","","","","","","","","","","","","","","","","","","","","","","","","","","","","","","","","","","","","","","","","","","","","","","","","","","","","","","","","","","","","","","","","","","","","","","","","","","","","","","","","","","","","",""
"82280099999","1944-03-05T21:00:00","-2.5333333","-44.3","51.0","SAO LUIZ, BR","FM-12","4","","","84","","||FG","","","","","29.82","","","","050","","6","","","","","","","","","","","","","","","","","","","","","","","","","","","","","","","","","","","","","","","","","","","","","","","","","","","","","","","","","","","","","","","","","","","","","","","","","","","","","","","","","","","","","","","","","","","","","","","","","","","","",""
"82280099999","1944-03-08T21:00:00","-2.5333333","-44.3","51.0","SAO LUIZ, BR","FM-12","4","","","79","","||FG","","","","","29.85","","","","000","","0","","","","","","","","","","","","","","","","","","","","","","","","","","","","","","","","","","","","","","","","","","","","","","","","","","","","","","","","","","","","","","","","","","","","","","","","","","","","","","","","","","","","","","","","","","","","","","","","","","","","",""
"82280099999","1944-03-09T21:00:00","-2.5333333","-44.3","51.0","SAO LUIZ, BR","FM-12","4","","","79","","||FG","","","","","29.82","","","","000","","0","","","","","","","","","","","","","","","","","","","","","","","","","","","","","","","","","","","","","","","","","","","","","","","","","","","","","","","","","","","","","","","","","","","","","","","","","","","","","","","","","","","","","","","","","","","","","","","","","","","","",""
"82280099999","1944-03-10T21:00:00","-2.5333333","-44.3","51.0","SAO LUIZ, BR","FM-12","4","","","77","","||FG","","","","","29.80","","","","050","","6","","","","","","","","","","","","","","","","","","","","","","","","","","","","","","","","","","","","","","","","","","","","","","","","","","","","","","","","","","","","","","","","","","","","","","","","","","","","","","","","","","","","","","","","","","","","","","","","","","","","",""
"82280099999","1944-03-11T21:00:00","-2.5333333","-44.3","51.0","SAO LUIZ, BR","FM-12","4","","","77","","||DZ","","","","","29.83","","","","000","","0","","","","","","","","","","","","","","","","","","","","","","","","","","","","","","","","","","","","","","","","","","","","","","","","","","","","","","","","","","","","","","","","","","","","","","","","","","","","","","","","","","","","","","","","","","","","","","","","","","","","",""
"82280099999","1944-03-12T21:00:00","-2.5333333","-44.3","51.0","SAO LUIZ, BR","FM-12","4","","","79","","||FG","","","","","29.84","","","","000","","0","","","","","","","","","","","","","","","","","","","","","","","","","","","","","","","","","","","","","","","","","","","","","","","","","","","","","","","","","","","","","","","","","","","","","","","","","","","","","","","","","","","","","","","","","","","","","","","","","","","","",""
"82280099999","1944-03-14T21:00:00","-2.5333333","-44.3","51.0","SAO LUIZ, BR","FM-12","4","","","79","","||FG","","","","","29.87","","","","000","","0","","","","","","","","","","","","","","","","","","","","","","","","","","","","","","","","","","","","","","","","","","","","","","","","","","","","","","","","","","","","","","","","","","","","","","","","","","","","","","","","","","","","","","","","","","","","","","","","","","","","",""
"82280099999","1944-03-20T21:00:00","-2.5333333","-44.3","51.0","SAO LUIZ, BR","FM-12","4","","","81","","||FG","","","","","29.81","","","","000","","0","","","","","","","","","","","","","","","","","","","","","","","","","","","","","","","","","","","","","","","","","","","","","","","","","","","","","","","","","","","","","","","","","","","","","","","","","","","","","","","","","","","","","","","","","","","","","","","","","","","","",""
"82280099999","1944-03-22T21:00:00","-2.5333333","-44.3","51.0","SAO LUIZ, BR","FM-12","4","","","79","","||FG","","","","","29.87","","","","000","","0","","","","","","","","","","","","","","","","","","","","","","","","","","","","","","","","","","","","","","","","","","","","","","","","","","","","","","","","","","","","","","","","","","","","","","","","","","","","","","","","","","","","","","","","","","","","","","","","","","","","",""
"82280099999","1944-03-25T21:00:00","-2.5333333","-44.3","51.0","SAO LUIZ, BR","FM-12","4","","","75","","||FG","","","","","29.86","","","","000","","0","","","","","","","","","","","","","","","","","","","","","","","","","","","","","","","","","","","","","","","","","","","","","","","","","","","","","","","","","","","","","","","","","","","","","","","","","","","","","","","","","","","","","","","","","","","","","","","","","","","","",""
"82280099999","1944-03-27T21:00:00","-2.5333333","-44.3","51.0","SAO LUIZ, BR","FM-12","4","","","79","","||FG","","","","","29.89","","","","000","","0","","","","","","","","","","","","","","","","","","","","","","","","","","","","","","","","","","","","","","","","","","","","","","","","","","","","","","","","","","","","","","","","","","","","","","","","","","","","","","","","","","","","","","","","","","","","","","","","","","","","",""
"82280099999","1944-03-28T21:00:00","-2.5333333","-44.3","51.0","SAO LUIZ, BR","FM-12","4","","","79","","||FG","","","","","29.84","","","","000","","0","","","","","","","","","","","","","","","","","","","","","","","","","","","","","","","","","","","","","","","","","","","","","","","","","","","","","","","","","","","","","","","","","","","","","","","","","","","","","","","","","","","","","","","","","","","","","","","","","","","","",""
"82280099999","1944-03-30T21:00:00","-2.5333333","-44.3","51.0","SAO LUIZ, BR","FM-12","4","","","79","","||FG","","","","","29.82","","","","000","","0","","","","","","","","","","","","","","","","","","","","","","","","","","","","","","","","","","","","","","","","","","","","","","","","","","","","","","","","","","","","","","","","","","","","","","","","","","","","","","","","","","","","","","","","","","","","","","","","","","","","",""
